,url,eco_id,eco_overall_score,eco_lh_perf,eco_lh_seo,eco_lh_acc,eco_unused_js_mb,eco_unused_css_mb,eco_render_score,eco_interaction_score,eco_emissions_score,eco_page_weight_bytes,eco_web_requests,eco_page_weight_score,eco_page_weight_percent,eco_ux_design_score,eco_ux_design_percent,eco_green_hosting_score,eco_green_hosting_percent,eco_carbon_score_score,eco_carbon_score_percent,eco_total_bytesTotal,eco_total_percentage,eco_images_bytesTotal,eco_images_percentage,eco_html_bytesTotal,eco_html_percentage,eco_scripts_bytesTotal,eco_scripts_percentage,eco_media_bytesTotal,eco_media_percentage,eco_other_bytesTotal,eco_other_percentage,eco_overall_score_no_greenhosting,wc_id,wc_page_g,wc_energy_kwh,wc_litres,gm_id,gm_cpu_energy_kwh,gm_ram_energy_kwh,gm_page_weight_bytes,gm_network_energy_kwh,gm_estimated_total_energy_kwh
0,https://afternic.com,X9NJEFRJ6wzESo4w39Deq6A5,45.0,0.66,0.92,0.93,0.0,0.0,82,54,0.801989,2058055.0,78.0,36,33.0,78,17.0,0,17.0,61,33.0,2058055,100.00,169939,8.26,169740,8.25,1535043,74.59,0,0.00,183333,8.91,54,afternic-com,0.15470659832843,0.00031317125167698,0.086047809990271,352f85ea-fe8e-42fa-a1a2-9fa5f801b599,8.338313055555554e-06,1.7850255555555555e-06,1911828.0,7.310962502997368e-05,8.32329636410848e-05
1,https://alibaba.com,WXkulB3pvXfnYQBnbL3T8c7p,30.0,0.35,0.92,0.89,0.0,0.0,3,53,4.016993,10301011.0,589.0,42,33.0,49,17.0,0,17.0,24,33.0,10301011,100.00,2946682,28.61,693001,6.73,4876851,47.34,0,0.00,1784477,17.32,36,alibaba-com,0.92317587796692,0.0018687770809047,0.5134704233252,430d12fc-38d9-4ece-b265-41bcdda51e00,2.244434555555556e-05,3.925559444444444e-06,9260620.0,0.00035413251387942583,0.00038050241887942584
2,https://amplitude.com,0zdVqohH94DKU9xjkfykHf45,25.0,0.36,0.85,0.9,0.0,0.0,1,58,5.354217,13722532.0,350.0,35,33.0,43,17.0,0,17.0,19,33.0,13722532,100.00,9775910,71.24,146794,1.07,3245050,23.65,0,0.00,554778,4.04,30,amplitude-com,1.3348078434477,0.0027020401689224,0.74242012252559,9990ade9-3beb-4fe1-9d07-f57dda741060,1.6361706944444443e-05,2.7067049999999998e-06,14539568.0,0.0005560031365676225,0.0005750715485120668
3,https://android.com,R4w6j5grDOYBauvGoVppH5y1,58.0,0.67,0.92,0.97,0.0,0.0,98,50,2.605982,7725882.0,64.0,56,33.0,71,17.0,100,17.0,32,33.0,7725882,100.00,112325,1.45,158989,2.06,517977,6.70,6834899,88.47,101692,1.32,49,android-com,0.36801963908831,0.00091221921611577,0.20469252326092,ad1195b6-e693-42e1-aef0-9c041031b719,8.759790833333333e-06,1.912131388888889e-06,1348890.0,5.1582486555632205e-05,6.225440877785442e-05
4,https://aol.com,1O0EIOI1RfIANsogmtGmYhBZ,35.0,0.45,0.92,0.73,0.0,0.0,42,60,2.325174,5968964.0,285.0,42,33.0,57,17.0,0,17.0,35,33.0,5968964,100.00,1054959,17.67,899254,15.07,3540399,59.31,0,0.00,474352,7.95,42,aol-com,0.55432385381218,0.0011221130643971,0.30831492749033,4a95d7fe-b20b-4de3-966e-57c38b0b9e07,1.068489111111111e-05,1.991482777777778e-06,5394218.0,0.00020627862721433863,0.00021895500110322752
5,https://apache.org,bV5YQki6s01ZScLG1JtB8DFP,62.0,1.0,0.83,0.98,0.0,0.0,100,100,0.589114,1511777.0,54.0,75,33.0,85,17.0,0,17.0,68,33.0,1511777,100.00,963389,63.73,48018,3.18,139766,9.25,0,0.00,360604,23.85,74,apache-org,0.1653118096618,0.00033463929081336,0.091946428533892,97c57ef1-0e7d-448b-a41d-67aa324437b9,5.410217222222223e-06,1.4389488888888887e-06,985866.0,3.77001977111958e-05,4.454936382230691e-05
6,https://autodesk.com,VmIaXKFhfJiAxDjJv4Y7HqzO,43.0,0.61,0.82,0.78,0.0,0.0,86,50,1.687376,4330126.0,67.0,53,33.0,63,17.0,0,17.0,43,33.0,4330126,100.00,324251,7.49,238603,5.51,3320909,76.69,0,0.00,446363,10.31,51,autodesk-com,0.65171462599374,0.0013192603765056,0.36248367497772,3a30b202-872c-4b41-9b62-975145f795e5,7.00563861111111e-06,1.6958938888888889e-06,573394.0,2.192698314620182e-05,3.0628515646201816e-05
7,https://azure.com,KtnoWK8SyLU43PYeY1ZQvXCe,17.0,0.42,0.85,0.99,0.0,0.0,33,67,6.47436,16595948.0,229.0,13,33.0,41,17.0,0,17.0,16,33.0,16595948,100.00,10377058,62.53,329052,1.98,4662102,28.09,0,0.00,1227736,7.40,20,azure-microsoft-com-en-us,1.178538771146,0.0023857060144655,0.65550326451139,6ab4fc86-17a1-41d4-a009-4530f1f953ec,1.0852014166666667e-05,2.2207691666666667e-06,15522444.0,0.0005935889946107939,0.0006066617779441273
8,https://b-cdn.net,CVgyy1bEuKr9NJjFjxYiaJfL,53.0,0.87,0.83,0.85,0.0,0.0,58,94,1.665689,4937179.0,148.0,35,33.0,59,17.0,100,17.0,43,33.0,4937179,100.00,555889,11.26,198176,4.01,855004,17.32,2864621,58.02,463489,9.39,43,bunny-net,1.0371900516985,0.0027066546234302,0.57688510675468,4e3c66aa-7bc9-4604-be1b-383d8720f0f3,1.1296848888888889e-05,2.0404683333333333e-06,5318884.0,0.00020339780294980855,0.00021673512017203076
9,https://baidu.com,Byw9oeDfGUgmpBRCdw8BFguS,60.0,0.85,0.92,0.73,0.0,0.0,88,90,0.449809,1154296.0,74.0,65,33.0,81,17.0,0,17.0,74,33.0,1154296,100.00,159671,13.83,167830,14.54,755213,65.43,0,0.00,71582,6.20,72,baidu-com,0.23883020121697,0.00048346194578335,0.13283735791688,b61de9de-84ab-4567-8c28-de27f22f2781,8.177481388888888e-06,1.9129697222222223e-06,2585704.0,9.887910935424269e-05,0.0001089695604653538
10,https://bbc.com,0iIqqSGAJ6B1eelvzf4w9L55,37.0,0.56,1.0,0.96,0.0,0.0,87,51,2.454314,6296304.0,234.0,42,33.0,69,17.0,0,17.0,34,33.0,6296304,100.00,2016557,32.03,286720,4.55,2998534,47.62,0,0.00,994493,15.79,44,bbc-com,0.42568370637204,0.00086170790763572,0.23676527748413,dd4955e0-5d0d-4222-8f34-75780f3b3c23,8.570509444444444e-06,1.8562944444444442e-06,2060260.0,7.878576737251133e-05,8.921257126140022e-05
11,https://bilibili.com,iFQ0QFdk7vnNchagmxqdlCOu,51.0,0.91,0.92,0.63,0.0,0.0,91,90,0.910616,2568349.0,179.0,55,33.0,79,17.0,0,17.0,58,33.0,2568349,100.00,1314356,51.18,99090,3.86,739257,28.78,0,0.00,415646,16.18,61,bilibili-com,0.19094559468795,0.00038652954390272,0.10620393976544,ca14d0c3-275e-4ec8-8ba5-4a70bbbf03f6,1.401675611111111e-05,2.7741780555555555e-06,3162391.0,0.00012093201909803786,0.00013772295326470454
12,https://booking.com,ggXeiiqjNdzixu1yPY9mrqYo,55.0,0.73,0.77,0.74,0.0,0.0,93,52,0.604183,1550447.0,38.0,61,33.0,74,17.0,0,17.0,67,33.0,1550447,100.00,129619,8.36,226575,14.61,1012809,65.32,0,0.00,181444,11.70,66,booking-com,0.43836075360887,0.00088736994657665,0.24381625115725,4882d90d-4377-40a7-a1a9-d15ccfc5c21c,1.0446504444444445e-05,1.7148766666666665e-06,4919316.0,0.0001881180462698266,0.0002002794273809377
13,https://calendly.com,oOd9crDWelrWkcTjSnZiwQyx,55.0,0.38,0.92,0.93,0.0,0.0,16,57,1.366755,4051980.0,157.0,42,33.0,47,17.0,100,17.0,48,33.0,4051980,100.00,382050,9.43,606243,14.96,2597248,64.10,0,0.00,466439,11.51,45,calendly-com,0.31055497810794,0.00076978016551584,0.17273067882364,1c51e9b8-c2b9-49e5-af0f-b95660073c31,1.4983016666666667e-05,2.425588888888889e-06,3591081.0,0.0001373254212001618,0.00015473402675571734
14,https://cdc.gov,pYFUd2c7UJ54Esh3606BAihk,40.0,0.74,0.85,0.95,0.0,0.0,21,98,1.972594,5062048.0,51.0,56,33.0,52,17.0,0,17.0,39,33.0,5062048,100.00,4277061,84.49,58478,1.16,348527,6.89,0,0.00,377982,7.47,48,cdc-gov,0.36919788590726,0.00074736414151266,0.20534786414162,da17e404-1a6d-4f73-aa9a-4e75c845acc6,7.598255833333334e-06,1.7253880555555556e-06,5555585.0,0.00021244941290332936,0.00022177305679221826
15,https://cpanel.net,nfQMXZw1ya8E5TeGgXvsxCa9,74.0,0.71,1.0,0.86,0.0,0.0,81,66,0.512006,1517929.0,77.0,62,33.0,77,17.0,100,17.0,71,33.0,1517929,100.00,93664,6.17,115206,7.59,757109,49.88,0,0.00,551950,36.36,69,cpanel-net,0.1495792247674,0.0003707656566985,0.083195964815626,2dc301b5-a131-4430-90e9-a6d73305b00f,5.826831111111111e-06,1.4782058333333333e-06,854995.0,3.269560015466996e-05,4.00006370991144e-05
16,https://creativecommons.org,ERLS6HAGFM4IerNXCHbrSoHb,48.0,0.72,0.92,1.0,0.0,0.0,0,93,7.95159,23573854.0,46.0,56,33.0,48,17.0,100,17.0,14,33.0,23573854,100.00,23210962,98.46,48496,0.21,174195,0.74,0,0.00,140201,0.59,38,creativecommons-org,2.0062765786231,0.0049730064743198,1.1158910330302,8f992575-a413-4295-a17f-831e73f4f9e1,6.149827777777777e-06,1.5175725e-06,23777650.0,0.0009092737817387097,0.0009169411820164875
17,https://criteo.com,Y5ZrU0RtxvoVm1gcTV0NOsg9,52.0,0.56,0.85,0.69,0.0,0.0,68,85,2.290102,6779489.0,230.0,42,33.0,58,17.0,100,17.0,35,33.0,6779489,100.00,2206562,32.55,396188,5.84,3227902,47.61,0,0.00,948837,14.00,42,criteo-com,0.55422965103295,0.001121922370512,0.30826253190453,e353aad3-369a-4d13-b3ec-fceadf215eb7,1.3300549444444443e-05,2.086039722222222e-06,5901418.0,0.00022567430601766334,0.00024106089518433
18,https://dailymotion.com,0jat7kOvNIRts8GPSJeYN15c,36.0,0.4,0.77,0.8,0.0,0.0,10,71,1.497328,3842009.0,129.0,36,33.0,51,17.0,0,17.0,45,33.0,3842009,100.00,712257,18.54,355764,9.26,2285413,59.48,0,0.00,488575,12.72,43,dailymotion-com-us,0.076659283113666,0.00015518073504791,0.042637893267821,67254658-68e5-4c02-8dcb-deff3e101242,8.885948333333332e-06,1.7116633333333334e-06,3840327.0,0.0001468567606303934,0.00015745437229706006
19,https://debian.org,H9KvVqLyGjNvfXezJCRnacJC,60.0,0.92,1.0,0.69,0.0,0.0,68,100,0.896112,2299594.0,23.0,84,33.0,77,17.0,0,17.0,58,33.0,2299594,100.00,2280594,99.17,19000,0.83,0,0.00,0,0.00,0,0.00,72,debian-org,0.19215803864412,0.00038898388389498,0.10687830109386,cd80dc54-47e5-4424-9d1f-a50fbe378811,5.110132777777777e-06,1.3944119444444444e-06,2420374.0,9.255677580425516e-05,9.906132052647738e-05
20,https://digicert.com,LnA5vb8GsoFHJ9D5TsbDwXUx,45.0,0.74,0.92,0.97,0.0,0.0,62,91,1.107363,2836247.0,213.0,45,33.0,74,17.0,0,17.0,53,33.0,2836247,100.00,411515,14.51,88066,3.11,1283055,45.24,0,0.00,1053611,37.15,54,digicert-com,0.28349503178056,0.00057387658255175,0.15767993667635,8b3658c2-db3b-4bd3-8c8f-027eef6f71ee,9.883526666666667e-06,1.8118524999999998e-06,3520135.0,0.00013461239709057845,0.00014630777625724512
21,https://discord.gg,9GoTxIjEEco6CVvWEQzmLJuG,38.0,0.53,1.0,0.96,0.0,0.0,57,51,4.556153,13507498.0,123.0,13,33.0,57,17.0,100,17.0,22,33.0,13507498,100.00,1675522,12.40,526813,3.90,1574946,11.66,9424080,69.77,306137,2.27,25,discord-com,1.1390373140551,0.0028233594498597,0.63353255407743,b0f4f1ce-3f78-4d59-a2d2-373817170a25,1.6351956944444445e-05,2.6662475e-06,8856052.0,0.0003386615537412092,0.00035767975818565365
22,https://dns.google,i9NHt8s2gP4Z2UDjuWf2b6ah,99.0,1.0,0.9,0.88,0.0,0.0,99,100,0.012551,37210.0,8.0,100,33.0,97,17.0,100,17.0,99,33.0,37210,100.00,6616,17.78,13334,35.83,0,0.00,0,0.00,17260,46.39,99,dns-google,0.0031658820413519,7.8473486937582e-06,0.0017608635913999,e5f25035-9298-4e05-bff2-b6cfe7d08803,4.9155525e-06,1.3780902777777778e-06,87519.0,3.346787092247978e-06,9.640429870025756e-06
23,https://dnsmadeeasy.com,NepBAiPkrTjMXeu9s5OzUXdX,51.0,0.93,0.85,0.93,0.0,0.0,77,97,0.764956,1960588.0,102.0,50,33.0,82,17.0,0,17.0,62,33.0,1960588,100.00,290598,14.82,284269,14.50,834344,42.56,0,0.00,551377,28.12,61,dnsmadeeasy-com,0.21526450065617,0.00043575809849426,0.11973011526496,f4cc87ac-bb12-4e6c-a236-aa5e0eb1da1f,6.722941666666666e-06,1.5918691666666667e-06,1851755.0,7.081239196066745e-05,7.912720279400079e-05
24,https://doi.org,hm6Mzu2IiYVoO5FWwpFLv8O6,59.0,0.94,0.73,0.79,0.0,0.0,83,100,0.481458,1235513.0,40.0,64,33.0,79,17.0,0,17.0,72,33.0,1235513,100.00,354429,28.69,75296,6.09,428414,34.67,0,0.00,377374,30.54,70,doi-org,0.10509569287119,0.00026050324598327,0.058454224374953,e490e360-2c87-4d61-b108-e172085b28fa,7.916968333333333e-06,1.7320169444444443e-06,1522171.0,5.82088718449045e-05,6.785785712268228e-05
25,https://drom.ru,Igf0ShYas8PW9V7Ze9ghCBlA,60.0,0.85,1.0,0.89,0.0,0.0,99,73,0.687792,1765005.0,112.0,73,33.0,86,17.0,0,17.0,65,33.0,1765005,100.00,1020018,57.79,43952,2.49,694897,39.37,0,0.00,6138,0.35,72,drom-ru,0.15854900881369,0.00032094941055402,0.088184958702173,43577ebb-77f4-47d1-8c24-5e2a135f4d97,6.871963333333333e-06,1.636323888888889e-06,1568700.0,5.998817298654467e-05,6.849646020876689e-05
26,https://dropcatch.com,o8OJ91HGKJa9v1VxXsBGf61o,63.0,0.36,0.83,0.92,0.0,0.0,51,39,0.926261,2746060.0,74.0,52,33.0,59,17.0,100,17.0,57,33.0,2746060,100.00,15112,0.55,115069,4.19,1933084,70.39,0,0.00,682795,24.86,55,dropcatch-com,0.24692952310001,0.00061207020515576,0.13734220074822,76640c20-028a-476b-811b-499822406feb,9.3048575e-06,1.7470158333333334e-06,2424013.0,9.269593368115835e-05,0.00010374780701449169
27,https://ea.com,ykj1A0pmmjKNvLFvg4HYTtva,33.0,0.43,0.83,0.92,0.0,0.0,28,43,2.55109,6542330.0,161.0,42,33.0,47,17.0,0,17.0,33,33.0,6542330,100.00,3424308,52.34,21744,0.33,1654299,25.29,0,0.00,1441979,22.04,39,ea-com,0.68245286780968,0.0013814835380763,0.37958028507575,14556366-105d-4146-aede-af1ddd610bc7,9.069098055555557e-06,1.9850158333333335e-06,4941062.0,0.0001889496283503808,0.0002000037422392697
28,https://ebay.com,UGb4gmJMcJDfPoTrlhjAY8Sw,39.0,0.77,0.85,0.86,0.0,0.0,83,75,1.79485,4599807.0,163.0,42,33.0,68,17.0,0,17.0,41,33.0,4599807,100.00,2329293,50.64,206281,4.48,1959648,42.60,0,0.00,104585,2.27,47,ebay-com,0.47534670297895,0.00096224028943107,0.26438783619689,98ef770b-7952-4439-b181-ded4b517b764,9.746542777777777e-06,1.9002377777777776e-06,4255753.0,0.00016274293819851243,0.00017438971875406798
29,https://europa.eu,qDGcRod4Mk1fIL7fZ6t6cmF9,56.0,0.96,1.0,1.0,0.0,0.0,93,100,0.604757,1550446.0,51.0,61,33.0,79,17.0,0,17.0,67,33.0,1550446,100.00,434964,28.05,640172,41.29,472577,30.48,0,0.00,2733,0.18,67,european-union-europa-eu-index_en,0.16257711548544,0.0003291034726426,0.090425391633004,c2ae4958-0a26-42f6-9592-15ef251d6181,6.1709286111111114e-06,1.540773611111111e-06,1886541.0,7.214263266029767e-05,7.985433488251989e-05
30,https://example.com,0lhiJBFh0z5VIgwScNyTsWjL,100.0,1.0,0.8,0.96,0.0,0.0,100,100,0.00019,563.0,1.0,100,33.0,97,17.0,100,17.0,100,33.0,563,100.00,0,0.00,563,100.00,0,0.00,0,0.00,0,0.00,99,example-com,5.2167567843571e-05,1.293090172112e-07,2.9015601234594e-05,d778833b-3823-4203-8d87-d7ee49cd3fa8,4.533818055555555e-06,1.3340222222222223e-06,7700.0,2.944533256813884e-07,6.162293603459166e-06
31,https://f5.com,k9HKZlVWojTGY20tKSKKnw4r,38.0,0.66,1.0,0.94,0.0,0.0,82,71,2.037265,5204050.0,233.0,42,33.0,70,17.0,0,17.0,38,33.0,5204050,100.00,460455,8.85,152512,2.93,4126605,79.30,0,0.00,464478,8.93,46,f5-com,0.54394800123665,0.0011011093142442,0.30254387828783,eecece3f-b749-4c03-b934-06685e7a7786,7.605484722222222e-06,1.7116955555555555e-06,3658577.0,0.00013990651492356323,0.00014922369520134102
32,https://fastly.net,WOpWp0kdujqgC5YfKdafWs2Q,43.0,0.56,0.92,0.93,0.0,0.0,60,70,1.218721,3110439.0,153.0,42,33.0,69,17.0,0,17.0,51,33.0,3110439,100.00,504963,16.23,153931,4.95,2017949,64.88,0,0.00,433596,13.94,51,fastly-com,0.21975966137275,0.00044485761411488,0.12223032365552,4a6edf54-3853-45cc-875b-38f60416b1bf,6.505455277777778e-06,1.4878716666666667e-06,1625640.0,6.216559796892107e-05,7.015892491336552e-05
33,https://flickr.com,mQ8os28wmYbo1TfFL2XzeOMw,35.0,0.65,1.0,0.83,0.0,0.0,7,93,1.999629,5133303.0,125.0,42,33.0,49,17.0,0,17.0,38,33.0,5133303,100.00,4592950,89.47,66687,1.30,401606,7.82,0,0.00,72060,1.40,42,flickr-com,0.68268629062548,0.0013819560538977,0.37971011484589,bf65c931-33a5-44ea-966e-960fb7ddc0b8,1.0217788055555556e-05,1.9020924999999999e-06,6481798.0,0.00024786843863571065,0.0002599883191912662
34,https://forbes.com,yUJ7lyVZYkM9rrvVezeN9xbg,36.0,0.91,0.92,0.86,0.0,0.0,84,86,2.117978,5434449.0,108.0,35,33.0,70,17.0,0,17.0,37,33.0,5434449,100.00,2226773,40.98,141837,2.61,809985,14.90,200112,3.68,2055742,37.83,43,forbes-com,1.01804808049,0.0020608260738663,0.56623834236852,5448f757-190c-4349-88db-e1c37bafc0c2,1.0565820555555557e-05,1.98489e-06,4664417.0,0.00017837053220971487,0.00019092124276527043
35,https://gandi.net,8kty7aRHLcuygJj12f9XmCn4,75.0,1.0,0.85,0.94,0.0,0.0,99,100,0.118,302394.0,18.0,85,33.0,97,17.0,0,17.0,91,33.0,302394,100.00,1771,0.59,90766,30.02,129135,42.70,0,0.00,80722,26.69,90,gandi-net-en,0.031501034231856,6.3767275772989e-05,0.017520875239759,af2d8dd7-7b6e-4ac0-9db9-a823f2b548f1,5.6203780555555555e-06,1.441061111111111e-06,395137.0,1.5110312175294384e-05,2.217175134196105e-05
36,https://gitlab.com,Fs0CaLFQRxuMOWwkp2ZxoJfp,65.0,0.65,1.0,0.9,0.0,0.0,85,67,0.961633,2850925.0,193.0,51,33.0,71,17.0,100,17.0,57,33.0,2850925,100.00,139295,4.89,108169,3.79,2063331,72.37,0,0.00,540130,18.95,57,about-gitlab-com,0.20245543753337,0.00050183120928705,0.11260571435606,4827e500-73d1-478b-9607-76d486ee43ee,7.164848888888888e-06,1.6191280555555555e-06,1501602.0,5.742229905841872e-05,6.620627600286317e-05
37,https://globo.com,v75PTfh6W2XufULzgg196odQ,32.0,0.43,0.85,0.71,0.0,0.0,45,53,3.810517,9737043.0,423.0,42,33.0,55,17.0,0,17.0,25,33.0,9737043,100.00,1479159,15.19,472118,4.85,6507898,66.84,0,0.00,1277868,13.12,38,globo-com,1.9625765320915,0.0051215462737251,1.0915850671493,2a2ff4ad-86e4-4797-b4a4-1ca91ef19a3c,1.5286165277777777e-05,2.471214444444444e-06,10039816.0,0.00038392950784794987,0.0004016868875701721
38,https://google.cn,pbQf7AcW8T9eTowzAYG5kYl1,100.0,1.0,0.91,0.96,0.0,0.0,100,100,0.008675,25718.0,2.0,100,33.0,99,17.0,100,17.0,99,33.0,25718,100.00,24307,94.51,1411,5.49,0,0.00,0,0.00,0,0.00,99,google-cn,0.0022206533691846,5.5043874308467e-06,0.0012351274039405,7ce44989-f98c-4d1d-992f-1304a36cfb72,4.561673333333333e-06,1.3463772222222222e-06,38802.0,1.4838153172843158e-06,7.3918658728398715e-06
39,https://gravatar.com,bhQj2JjqSw8wf9utKXEXNAep,38.0,0.91,1.0,0.86,0.0,0.0,81,98,2.080909,5340007.0,43.0,42,33.0,66,17.0,0,17.0,38,33.0,5340007,100.00,1299971,24.34,80698,1.51,926432,17.35,3007255,56.32,25651,0.48,45,gravatar-com,0.55651552732196,0.0011265496504493,0.30953393629647,96151962-b45a-4f97-8389-0246261c4f4e,8.67404e-06,1.7004969444444445e-06,6251700.0,0.0002390693319691345,0.00024944386891357896
40,https://harvard.edu,qoWAjgqWCcQmR7LJbkIotnGT,47.0,0.83,1.0,1.0,0.0,0.0,58,95,1.069346,2744145.0,86.0,52,33.0,70,17.0,0,17.0,54,33.0,2744145,100.00,967485,35.26,178664,6.51,1353822,49.33,0,0.00,244174,8.90,56,harvard-edu,0.20937745219376,0.00042384099634364,0.11645573891017,bfa0b5b9-9132-43c6-9e92-3a29b97b8cf1,7.615961944444444e-06,1.7108497222222222e-06,2600615.0,9.944931630739011e-05,0.00010877612797405678
41,https://hcaptcha.com,yYrCq54aP8zEqlNSqud8NSrm,78.0,0.85,0.92,0.95,0.0,0.0,99,60,0.561897,1665838.0,40.0,74,33.0,80,17.0,100,17.0,69,33.0,1665838,100.00,445302,26.73,482874,28.99,726661,43.62,0,0.00,11001,0.66,73,hcaptcha-com,0.13952245805487,0.00034583770483732,0.077602391170119,96ebb8db-8155-425d-ae07-498d3f4c714e,6.933232499999999e-06,1.5053858333333333e-06,1809862.0,6.921037466550246e-05,7.76489929988358e-05
42,https://hubspot.com,C1lDhyI9tEQmFodg6UuYT40B,61.0,0.42,1.0,0.97,0.0,0.0,77,27,1.496144,4414951.0,245.0,56,33.0,64,17.0,100,17.0,46,33.0,4414951,100.00,350426,7.94,278606,6.31,2406162,54.50,6373,0.14,1373384,31.11,54,hubspot-com,0.2884840971129,0.00071507253684103,0.1604548548142,11243c1c-bf5f-45fd-a8e2-706aad8f61e0,1.020780611111111e-05,1.982670833333333e-06,2975457.0,0.00011378353364570998,0.00012597401059015443
43,https://icloud.com,FOfGzU1u738ECLPMbCjov2Br,41.0,0.65,1.0,1.0,0.0,0.0,62,51,1.450779,3722973.0,23.0,44,33.0,65,17.0,0,17.0,46,33.0,3722973,100.00,328448,8.82,86825,2.33,928588,24.94,1888636,50.73,490476,13.17,49,icloud-com,0.38479271834157,0.00077893262822181,0.21402170994158,c9cb239f-65dc-42ff-9f09-bd9800e90058,8.795682777777777e-06,1.9048952777777775e-06,4300374.0,0.00016444927610049023,0.0001751498541560458
44,https://instagram.com,N8GYpVpnJVZAskqE6jMpElKB,43.0,0.46,1.0,0.98,0.0,0.0,35,52,1.098907,2820004.0,51.0,44,33.0,65,17.0,0,17.0,53,33.0,2820004,100.00,539224,19.12,279112,9.90,1730228,61.36,0,0.00,271440,9.63,52,instagram-com,0.3225455225911,0.00065292615909129,0.17939981966517,371a9cb2-1067-4fa6-a455-d74448593ba8,7.895210277777776e-06,1.805698611111111e-06,3041709.0,0.00011631705594870263,0.00012601796483759152
45,https://issuu.com,vu4ZlFkd3IIUulyGpNU8En4e,26.0,0.53,1.0,1.0,0.0,0.0,18,83,2.411795,6189122.0,125.0,15,33.0,58,17.0,0,17.0,34,33.0,6189122,100.00,1715060,27.71,411169,6.64,2730750,44.12,0,0.00,1332143,21.52,31,issuu-com,0.64532884467579,0.0013063336936757,0.35893190340868,c95f6cb0-4ed4-4057-80f0-efd336b359e1,1.3859491111111111e-05,2.510895555555555e-06,6201176.0,0.00023713725926436484,0.0002535076459310315
46,https://kaspersky.com,vSqFGboYH9BhmdzlecmEEfOd,41.0,0.71,0.92,0.9,0.0,0.0,87,68,1.487078,3798643.0,166.0,44,33.0,65,17.0,0,17.0,46,33.0,3798643,100.00,724230,19.07,220115,5.79,2285261,60.16,0,0.00,569037,14.98,49,kaspersky-com,0.39764879254159,0.00080495706992224,0.22117225841163,a2e47b0e-601f-46d5-873b-a53176a68680,8.353740833333333e-06,1.8038030555555557e-06,3340325.0,0.00012773633832554332,0.00013789388221443222
47,https://launchdarkly.com,28uPKpLmzVUDFFuT5fMpTWeZ,44.0,0.63,0.85,0.89,0.0,0.0,81,76,1.287921,3297509.0,251.0,47,33.0,72,17.0,0,17.0,49,33.0,3297509,100.00,440061,13.35,353821,10.73,1888016,57.26,0,0.00,615611,18.67,53,launchdarkly-com,0.30446953067277,0.00061633508233353,0.16934595296019,280101fa-3423-456c-b324-154af26bc31c,1.0272810833333333e-05,1.9969694444444443e-06,2848297.0,0.00010892084729588591,0.00012119062757366369
48,https://launchpad.net,ZLlKlao4i8KSwAj1lRM6U6eK,73.0,0.97,0.83,0.9,0.0,0.0,99,98,0.158637,407093.0,18.0,84,33.0,90,17.0,0,17.0,89,33.0,407093,100.00,48398,11.89,89311,21.94,173547,42.63,0,0.00,95837,23.54,87,launchpad-net,0.042583616064861,8.6201651953161e-05,0.023685007255276,f4f831a1-a286-4da6-a5ae-2e8270ed4d1c,5.2026077777777775e-06,1.420668611111111e-06,504384.0,1.9287993015646935e-05,2.5911269404535823e-05
49,https://linktr.ee,VcSz1fsUyMQnCbdPtI5n0Wr6,33.0,0.42,1.0,0.98,0.0,0.0,3,59,2.772872,7115714.0,156.0,42,33.0,51,17.0,0,17.0,31,33.0,7115714,100.00,119956,1.69,138461,1.95,1738327,24.43,0,0.00,5118970,71.94,39,linktr-ee,1.3639018090982,0.0027609348362312,0.75860218622042,aad3ac77-28e2-41be-8e5c-faffb39120b0,9.865016944444443e-06,1.9089352777777774e-06,6053151.0,0.0002314766808833275,0.0002432506331055497
50,https://mailinabox.email,YRDRHgvGPDj9d79wAhfTTsHM,47.0,0.8,0.82,0.59,0.0,0.0,49,96,0.824403,2111263.0,31.0,49,33.0,65,17.0,0,17.0,60,33.0,2111263,100.00,364744,17.28,342534,16.22,1129748,53.51,0,0.00,274237,12.99,57,mailinabox-email,0.22030361989886,0.00044595874473453,0.12253287338774,359c56f2-0011-4f11-ba64-725e2dccc74d,6.8386525e-06,1.5848652777777778e-06,2371148.0,9.067433951724321e-05,9.909785729502099e-05
51,https://microsoft.com,tOGbzP2LSqwnTRBXrWGHWZv6,24.0,0.31,0.92,1.0,0.0,0.0,29,32,2.340103,6161209.0,258.0,17,33.0,37,17.0,0,17.0,35,33.0,6161209,100.00,2806106,45.54,318087,5.16,2637651,42.81,0,0.00,399365,6.48,28,microsoft-com-en-gb,0.32329758172575,0.00065444854600355,0.17981811495586,a326ea04-0505-4b49-9308-5a2f93c65a73,9.095889166666667e-06,1.9757816666666666e-06,2937421.0,0.00011232901069822722,0.00012340068153156056
52,https://mozilla.com,o4tFiJdSKJq4zfss7ovMfKkJ,73.0,0.99,1.0,1.0,0.0,0.0,100,92,0.211924,543837.0,28.0,83,33.0,97,17.0,0,17.0,86,33.0,543837,100.00,19000,3.49,27142,4.99,355234,65.32,0,0.00,142461,26.20,87,firefox-com,0.057315562156774,0.00014206947572529,0.031878915671598,f46e14c3-f65a-4d83-b33f-e5763121d06b,5.482251111111111e-06,1.45687e-06,457283.0,1.7486818198384717e-05,2.442593930949583e-05
53,https://mozilla.org,kTKsCyiPRX4Sdd0LcF2p95mm,73.0,0.88,1.0,1.0,0.0,0.0,100,67,0.19408,498045.0,30.0,84,33.0,95,17.0,0,17.0,87,33.0,498045,100.00,20577,4.13,29621,5.95,362524,72.79,0,0.00,85323,17.13,87,mozilla-org,0.048382714144886,9.7940716892481e-05,0.026910465607385,f4c70433-f613-40ab-af89-993c0abfea81,5.725683055555555e-06,1.4860161111111112e-06,492006.0,1.8814649734441193e-05,2.602634890110786e-05
54,https://nasa.gov,hpzWUFMNGm5kP7yycraJQWPs,35.0,0.76,1.0,0.96,0.0,0.0,17,94,5.445274,13973602.0,80.0,56,33.0,58,17.0,0,17.0,19,33.0,13973602,100.00,12940767,92.61,81334,0.58,812589,5.82,0,0.00,138912,0.99,42,nasa-gov,1.0386414957941,0.0021025131493807,0.57769239996065,6eb33d43-3a32-466c-bd51-9d43d06d4a6f,7.95609638888889e-06,1.6868075e-06,15471413.0,0.0005916375338753593,0.0006012804377642482
55,https://nature.com,FUpw153sWrfxMfhnfgoXuDZk,60.0,0.89,1.0,1.0,0.0,0.0,89,98,0.602371,1541287.0,64.0,75,33.0,73,17.0,0,17.0,67,33.0,1541287,100.00,518941,33.67,86674,5.62,731181,47.44,0,0.00,204491,13.27,71,nature-com,0.17443176412303,0.00035310073709115,0.097018947205229,d8b59396-b157-4005-ae7b-78bef66be945,6.586341944444445e-06,1.6785988888888885e-06,1186906.0,4.538810635989532e-05,5.365304719322865e-05
56,https://naver.com,a4wwOmdynZ0VHcb2errhwxZD,20.0,0.34,0.92,0.88,0.0,0.0,20,41,3.668536,9413925.0,244.0,13,33.0,46,17.0,0,17.0,25,33.0,9413925,100.00,3978847,42.27,937905,9.96,3040302,32.30,969037,10.29,487834,5.18,24,naver-com,0.67421272979211,0.0013648030967452,0.37499712031037,2a53708c-c24e-4bf6-9b22-6c79518c3a01,1.0512216944444445e-05,1.9164888888888888e-06,9915645.0,0.00037918112292545847,0.0003916098287587918
57,https://nginx.org,4OpKK3AAcAQfL0PHxa2r6F0Z,82.0,1.0,0.92,0.8,0.0,0.0,100,100,0.01594,40904.0,7.0,100,33.0,91,17.0,0,17.0,99,33.0,40904,100.00,35792,87.50,5112,12.50,0,0.00,0,0.00,0,0.00,98,nginx-org,0.0042675734711811,8.6388126946986e-06,0.0023736243646709,bacaff3b-a304-489f-a990-1e60489f0b48,4.629521944444444e-06,1.3457674999999997e-06,108339.0,4.142958292337134e-06,1.0118247736781578e-05
58,https://nist.gov,FEIxv3s1gi3Kn429DaxaA7Fq,66.0,0.8,0.92,0.99,0.0,0.0,94,53,0.781977,2317913.0,82.0,47,33.0,80,17.0,100,17.0,62,33.0,2317913,100.00,1000375,43.16,127548,5.50,1029507,44.42,0,0.00,160483,6.92,60,nist-gov,0.1976366180202,0.00048988668434322,0.10992548694283,5b0c3f80-8f3f-455e-99f0-05882438ea8d,9.55006388888889e-06,1.925185e-06,6218035.0,0.0002377819590848405,0.0002492572079737294
59,https://ntp.org,Mnc8lmU9t2J1CA4lCklVl0K0,65.0,0.72,0.92,0.79,0.0,0.0,89,52,0.223526,571717.0,36.0,69,33.0,81,17.0,0,17.0,85,33.0,571717,100.00,42086,7.36,117165,20.49,370734,64.85,0,0.00,41732,7.30,78,ntp-org,0.060009567123838,0.00012147685652599,0.033377321234279,8c531951-970f-43ea-8cf9-dc4d23f70e93,5.452422777777778e-06,1.4879755555555555e-06,584877.0,2.2366101008383558e-05,2.930649934171689e-05
60,https://nvidia.com,0tOXFLze84Gwl9RQr9OXHAq9,32.0,0.76,0.77,0.96,0.0,0.0,49,89,3.655564,9381966.0,57.0,42,33.0,57,17.0,0,17.0,25,33.0,9381966,100.00,1648023,17.57,241610,2.58,940010,10.02,5253450,56.00,1298873,13.84,38,nvidia-com-en-gb,0.88420875244774,0.0017898962600157,0.49179690811143,94aba8f5-b9c1-489f-aaca-ba3d2aa45254,1.3061509722222222e-05,2.1860036111111112e-06,9507405.0,0.00036356974296751434,0.00037881725630084767
61,https://office.com,hRrKT5R9V0aD1aDlTuunwNF8,42.0,0.75,0.77,0.96,0.0,0.0,81,58,1.199135,3077208.0,69.0,42,33.0,66,17.0,0,17.0,51,33.0,3077208,100.00,1697554,55.17,198276,6.44,956840,31.09,0,0.00,224538,7.30,50,office-com,0.34241147152148,0.00069314063061029,0.19044926046025,9b92af1c-240e-48b9-8783-08a92af622c6,6.506330833333333e-06,1.5596874999999998e-06,3371775.0,0.0001289390080778394,0.00013700502641117272
62,https://ok.ru,5m1TQAynJdjwph6qDYd3utO9,28.0,0.62,1.0,0.92,0.0,0.0,84,82,2.248319,5762209.0,347.0,13,33.0,71,17.0,0,17.0,36,33.0,5762209,100.00,38888,0.67,689728,11.97,4199390,72.88,0,0.00,834203,14.48,34,ok-ru,0.66302187728696,0.0013421495491639,0.368772768147,4d4b6fca-f57b-4972-8edc-07c360813d68,8.938604444444444e-06,1.7336186111111111e-06,6003056.0,0.00022956101343527436,0.00024023323649082992
63,https://opendns.com,JDhIH2jCmjixQMVPD5jWS02C,52.0,0.98,0.92,0.96,0.0,0.0,95,100,0.589833,1513622.0,43.0,47,33.0,84,17.0,0,17.0,68,33.0,1513622,100.00,164019,10.84,360776,23.84,801928,52.98,0,0.00,186899,12.35,63,opendns-com,0.15809018709138,0.00032002062164247,0.087929762060226,5862ea49-e4bf-4ebe-b77b-6f144e1e8be8,5.170530277777778e-06,1.4273055555555556e-06,1381361.0,5.2824200054099786e-05,5.942203588743312e-05
64,https://oracle.com,tBVmx1nRDZfEYfXHXtzy4kbF,44.0,0.7,0.69,1.0,0.0,0.0,78,51,0.685318,1745559.0,68.0,31,33.0,72,17.0,0,17.0,65,33.0,1745559,100.00,31411,1.80,292206,16.74,1099240,62.97,0,0.00,322702,18.49,53,oracle-com,0.15772900696658,0.00031928948778659,0.08772887367481,f4336455-6c44-4d65-8470-507927c79ac1,7.013745555555556e-06,1.6040319444444444e-06,1795146.0,6.864762464722619e-05,7.726540214722619e-05
65,https://oxylabs.io,cfdsE57U1fk7LIWrW374EOex,49.0,0.63,0.85,0.88,0.0,0.0,88,51,4.699849,13925813.0,272.0,42,33.0,67,17.0,100,17.0,21,33.0,13925813,100.00,915501,6.57,190247,1.37,2040498,14.65,9785443,70.27,994124,7.14,39,oxylabs-io,1.1939956340231,0.0029595859721303,0.66410037164365,996817f0-5ee9-4ec1-aaa2-f8b309c8658b,1.651115444444444e-05,2.8007866666666667e-06,13742463.0,0.0005255212900523935,0.0005448332311635046
66,https://pages.dev,BeFPq0K5JEhIjtdMBfOWQe2D,83.0,0.96,1.0,0.96,0.0,0.0,95,98,0.229185,679458.0,35.0,68,33.0,90,17.0,100,17.0,85,33.0,679458,100.00,30642,4.51,77142,11.35,527946,77.70,0,0.00,43728,6.44,79,pages-cloudflare-com,0.13449672652982,0.0003509831068106,0.074807079295887,af50708c-6d54-4f18-b7e7-db76a7b4ef43,8.099268333333333e-06,1.6039055555555555e-06,346621.0,1.3255026779351756e-05,2.2958200668240643e-05
67,https://paypal.com,m6nf5E68L6J5g9dHst4YtSvB,65.0,0.79,0.92,0.95,0.0,0.0,48,94,0.918784,2723403.0,102.0,52,33.0,72,17.0,100,17.0,58,33.0,2723403,100.00,279464,10.26,263719,9.68,1530723,56.21,0,0.00,649497,23.85,58,paypal-com-us-home,0.23229503103369,0.00057579533429816,0.12920249626094,263ce189-bb29-4303-ae35-3c83c4956120,9.400208055555553e-06,1.7902899999999998e-06,2445599.0,9.352139725104906e-05,0.00010471189530660462
68,https://php.net,jDd0TjC8TRT0NJXSuwifV9d9,85.0,1.0,1.0,0.95,0.0,0.0,100,100,0.318134,943163.0,44.0,80,33.0,89,17.0,100,17.0,80,33.0,943163,100.00,7198,0.76,27477,2.91,122106,12.95,0,0.00,786382,83.38,82,php-net,0.094799987339415,0.00019190280837938,0.052727752958182,6da6ed9b-0955-40d3-830d-a20e704a4675,5.193148888888889e-06,1.4117069444444443e-06,1056057.0,4.038435009858571e-05,4.6989205931919046e-05
69,https://pinterest.com,56gcF6ts8HFctDiT91dnFVfl,37.0,0.36,1.0,0.97,0.0,0.0,29,58,1.841981,4726871.0,105.0,42,33.0,57,17.0,0,17.0,40,33.0,4726871,100.00,552725,11.69,241164,5.10,3345441,70.77,0,0.00,587541,12.43,44,pinterest-com,0.77887483109906,0.0015766696985811,0.4332101810573,4741f8cb-5e39-4572-8aa3-9e9a2c95fb1c,8.439325555555557e-06,1.8041566666666663e-06,3546310.0,0.00013561334719443694,0.00014585682941665917
70,https://pki.goog,gFmHDpsfKL7h9qmVaS6bk6JS,73.0,0.92,1.0,0.96,0.0,0.0,74,91,0.607584,1801287.0,24.0,59,33.0,83,17.0,100,17.0,67,33.0,1801287,100.00,952839,52.90,38127,2.12,754838,41.91,0,0.00,55483,3.08,67,pki-goog,0.15323206084333,0.0003798200301826,0.085227672241062,ecfe98f5-6871-4268-a41a-aff367467120,5.365596666666667e-06,1.4641808333333334e-06,1681850.0,6.43151072463952e-05,7.11448847463952e-05
71,https://plesk.com,D37XzTHT2gbFWGVx71abqJYL,76.0,0.5,0.92,0.9,0.0,0.0,98,37,0.648381,1922235.0,182.0,72,33.0,81,17.0,100,17.0,66,33.0,1922235,100.00,97617,5.08,219464,11.42,1026317,53.39,0,0.00,578837,30.11,71,plesk-com,0.46208595488906,0.0012058610513806,0.25701220810929,5fee3dd7-920d-4e16-9ee2-cda13a0fc50a,6.9149949999999995e-06,1.5851027777777777e-06,1210116.0,4.627567281302065e-05,5.477577059079842e-05
72,https://pubmatic.com,zlFsu5rxK0q21bpEp0J0HJOA,31.0,0.82,0.92,0.78,0.0,0.0,36,98,2.549835,6543357.0,79.0,34,33.0,54,17.0,0,17.0,33,33.0,6543357,100.00,5660190,86.50,155500,2.38,625991,9.57,0,0.00,101676,1.55,38,pubmatic-com,0.68234751492273,0.0013812702731229,0.37952168780002,4672c487-154d-4a46-899f-ecfbad5ec7ed,8.571606666666667e-06,1.8423572222222222e-06,7197201.0,0.0002752259441620018,0.0002856399080508907
73,https://qq.com,P8DlMMhFr2Hewx73TzRIRRJ5,39.0,0.6,0.83,0.58,0.0,0.0,94,50,1.56761,4029655.0,219.0,42,33.0,59,17.0,0,17.0,44,33.0,4029655,100.00,1906107,47.30,230040,5.71,1705672,42.33,0,0.00,187836,4.66,46,qq-com,0.6364455434354,0.0012883513025008,0.35399101125877,da091f6b-0ca4-469a-8108-0560c9900e1a,1.5361467777777777e-05,2.5868877777777776e-06,8669842.0,0.0003315407545496337,0.00034948911010518926
74,https://quickconnect.to,kOzpueU6HBFQt5yDkYv3I7GD,74.0,1.0,0.92,0.76,0.0,0.0,99,100,0.109202,280233.0,17.0,85,33.0,90,17.0,0,17.0,92,33.0,280233,100.00,19207,6.85,48758,17.40,95777,34.18,0,0.00,116491,41.57,89,quickconnect-to,0.029201402669773,5.9112151153386e-05,0.016241820164927,78f73a6f-ec21-40d7-b8e7-3ae751ea6075,5.196056666666667e-06,1.4046141666666668e-06,335849.0,1.2843098048930988e-05,1.944376888226432e-05
75,https://reg.ru,2gak6DWj3S72PqTjrEsZKZrL,40.0,0.76,0.92,0.68,0.0,0.0,44,95,1.441814,3693033.0,227.0,44,33.0,57,17.0,0,17.0,46,33.0,3693033,100.00,852072,23.07,174741,4.73,996185,26.97,0,0.00,1670035,45.22,47,reg-ru,0.4490449535558,0.0009089978816919,0.24975880316774,a9a6e2f9-abcd-44a1-95ef-0ec1b95526a1,8.224355277777778e-06,1.7253113888888887e-06,3374590.0,0.00012904665562482552,0.0001389963222914922
76,https://roblox.com,wtQVMe6pdlx2Zw5uN8hVfDz9,26.0,0.45,1.0,0.94,0.0,0.0,13,71,1.661134,4262784.0,143.0,11,33.0,47,17.0,0,17.0,43,33.0,4262784,100.00,1754460,41.16,211596,4.96,2181657,51.18,0,0.00,115071,2.70,31,roblox-com,0.42337271628901,0.00085702979005873,0.23547990479995,1b1b298c-4394-4f65-8102-d3536c32daeb,9.824362777777778e-06,2.0378191666666667e-06,4788536.0,0.0001831169286162406,0.00019497911056068506
77,https://roku.com,ndZXOB7ewcXtFlDKl0mV6YdO,60.0,0.97,0.85,0.95,0.0,0.0,88,100,3.754124,11129745.0,95.0,70,33.0,67,17.0,100,17.0,25,33.0,11129745,100.00,1483535,13.33,172926,1.55,11808,0.11,9150580,82.22,310896,2.79,51,roku-com,0.15730606705509,0.00038991836830974,0.087493634496042,2a66835d-b629-4741-9f5d-415387c4deae,6.958546666666666e-06,1.7134463888888888e-06,2293273.0,8.769634565523826e-05,9.636833871079381e-05
78,https://salesforce.com,LPHYuzSPLWChXkcPA82p2Abw,25.0,0.18,0.92,0.96,0.0,0.0,27,4,2.910268,7436651.0,287.0,28,33.0,33,17.0,0,17.0,30,33.0,7436651,100.00,3323314,44.69,149814,2.01,3415556,45.93,0,0.00,547967,7.37,30,salesforce-com-bcsm,0.52116093249712,0.001054981644731,0.2898697106549,673e2b91-169d-46c0-a19d-7893c8788248,1.1282823055555554e-05,2.144572222222222e-06,5273368.0,0.0002016572396288067,0.0002150846349065845
79,https://samsungcloud.com,bjfZh5047JTkHxL9d46SXO4S,37.0,0.68,1.0,0.77,0.0,0.0,36,52,1.904452,4887185.0,38.0,42,33.0,56,17.0,0,17.0,40,33.0,4887185,100.00,174582,3.57,13843,0.28,1905464,38.99,1881786,38.50,911510,18.65,44,samsungcloud-com,0.30303168781009,0.00061342446925119,0.16854622475997,39ff052f-e243-446c-843d-8b49b1759b07,7.419886666666667e-06,1.7432363888888888e-06,5105393.0,0.00019523375944941306,0.00020439688250496862
80,https://selectel.ru,3NTo3FVedLAgnMEKcIFXehJs,41.0,0.67,0.92,0.81,0.0,0.0,32,98,1.385913,3553741.0,166.0,45,33.0,62,17.0,0,17.0,47,33.0,3553741,100.00,1633261,45.96,187913,5.29,927316,26.09,0,0.00,805251,22.66,49,selectel-ru,0.62017159649637,0.0012554080900736,0.34493944197128,7577883a-6bf7-48cc-96af-d08c78a81ad0,1.2820635833333332e-05,2.2444608333333337e-06,6755622.0,0.00025833965778524056,0.00027340475445190724
81,https://sentry.io,PxVcYdgBV0r7Iot1O2vXBUvy,61.0,0.92,1.0,0.97,0.0,0.0,87,92,1.192876,3536485.0,63.0,45,33.0,71,17.0,100,17.0,51,33.0,3536485,100.00,891535,25.21,295135,8.35,976431,27.61,0,0.00,1373384,38.83,53,sentry-io-welcome,2.2414964826408,0.0055560517623089,1.2467203436448,4993d644-354a-4524-87dd-002e8d318406,1.3641790277777777e-05,2.140176944444444e-06,3131791.0,0.00011976185393364169,0.00013554382115586391
82,https://shopify.com,aWrBuqePUORXCYvcJftlAvF1,62.0,0.85,1.0,0.97,0.0,0.0,92,73,1.185509,3492180.0,140.0,46,33.0,76,17.0,100,17.0,51,33.0,3492180,100.00,462218,13.24,107929,3.09,972442,27.85,0,0.00,1949591,55.83,54,shopify-com,0.38333384137382,0.00095017890119925,0.21321028257212,0084cab0-774e-43ca-8a23-fc91a33588da,1.1356701944444445e-05,1.942407222222222e-06,2082535.0,7.963757877894678e-05,9.293668794561345e-05
83,https://slack.com,Vy7PWG8blpc0awOPBYBJT9CL,26.0,0.63,0.92,0.98,0.0,0.0,86,62,28.554793,73255002.0,184.0,42,33.0,64,17.0,0,17.0,4,33.0,73255002,100.00,5801603,7.92,309341,0.42,1953414,2.67,64857191,88.54,333453,0.46,31,slack-com,8.0497060572859,0.016294951532967,4.4772465090624,2d3bd2eb-1323-443d-9ebb-fb877b72f0b3,2.5050015e-05,4.004312777777777e-06,73390735.0,0.0028065124668768143,0.002835566794654592
84,https://snapchat.com,cmZu5ILjT8B4yOgngXUNg4mR,45.0,0.42,0.92,0.85,0.0,0.0,0,52,5.470436,16207791.0,65.0,42,33.0,48,17.0,100,17.0,19,33.0,16207791,100.00,1443858,8.91,51309,0.32,10771751,66.46,1476610,9.11,2464263,15.20,34,snapchat-com,1.5553149319711,0.0038551968899556,0.86506616516231,8ec61165-df09-4f15-8fb2-3556edfea4b8,1.2081019444444446e-05,2.096349722222222e-06,14696817.0,0.0005620164470884111,0.0005761938162550778
85,https://soundcloud.com,LxovquIpAXTJ9pMhdVMVR7Ou,23.0,0.42,1.0,0.71,0.0,0.0,25,49,3.084351,8058825.0,251.0,13,33.0,52,17.0,0,17.0,29,33.0,8058825,100.00,1628307,20.21,351885,4.37,5408290,67.11,0,0.00,670343,8.32,27,soundcloud-com,0.50612579378765,0.0010245461412705,0.28150716650469,7f51e2b7-fdbf-472e-9da7-95f21921bca6,1.07990675e-05,1.8831022222222219e-06,4920391.0,0.00018815915501334705,0.00020084132473556927
86,https://spotify.com,Xgyrm4GhJ15LHUQogvhH1qaf,32.0,0.02,1.0,0.77,0.0,0.0,1,3,2.515213,6453262.0,197.0,42,33.0,42,17.0,0,17.0,33,33.0,6453262,100.00,1443487,22.37,220067,3.41,3229383,50.04,0,0.00,1560325,24.18,38,open-spotify-com,0.6493888385715,0.0013145523048006,0.36119007201347,7adf235b-3090-4a14-a57d-4345a1aa93cf,1.5750347777777778e-05,2.481061666666667e-06,9137472.0,0.00034942324918448925,0.0003676546586289337
87,https://stanford.edu,UIZIW2BjpUKOJ6CbosZUcLRy,34.0,0.7,0.92,1.0,0.0,0.0,83,78,1.699743,4361863.0,85.0,28,33.0,63,17.0,0,17.0,42,33.0,4361863,100.00,3134884,71.87,174968,4.01,871181,19.97,0,0.00,180830,4.15,41,stanford-edu,0.43884885738976,0.00088835801091045,0.24408773448019,24a85f27-4a23-47da-be71-73ebdb4ed28f,7.042004722222221e-06,1.6533358333333333e-06,4434494.0,0.00016957811766417697,0.0001782734582197325
88,https://steampowered.com,n6KjZGgQJUQLgzIuhBKbrhif,27.0,0.73,0.85,0.86,0.0,0.0,53,76,9.976807,25602373.0,179.0,42,33.0,56,17.0,0,17.0,11,33.0,25602373,100.00,13693938,53.49,549744,2.15,2236814,8.74,8490622,33.16,631255,2.47,32,store-steampowered-com,2.0799801713834,0.0042104861768894,1.1568849713234,abe81ebe-2e5a-40d3-b692-3d2c1be5b1d1,1.1967746111111112e-05,2.2502474999999996e-06,13869996.0,0.0005303982401802019,0.000544616233791313
89,https://t-online.de,EzEfZvpHFVtUoL3rxvEenYzS,54.0,0.62,0.92,0.86,0.0,0.0,95,55,0.939005,2468129.0,160.0,69,33.0,73,17.0,0,17.0,57,33.0,2468129,100.00,845612,34.26,265576,10.76,1054477,42.72,0,0.00,302464,12.25,65,t-online-de,0.22456379470043,0.00045458258036524,0.12490238261238,417d07ef-32c4-49df-9c2b-8ce2ea3ecfd3,1.1187157777777778e-05,2.1841080555555554e-06,2429458.0,9.290415424717591e-05,0.00010627542008050925
90,https://t.co,YVFSq2FUMx4Ci56CEK1yDIur,98.0,1.0,0.83,0.63,0.0,0.0,100,100,0.001471,4360.0,2.0,100,33.0,88,17.0,100,17.0,100,33.0,4360,100.00,2199,50.44,2161,49.56,0,0.00,0,0.00,0,0.00,98,t-co,0.00037113011968322,9.1992923989892e-07,0.00020642257256781,be65215b-e6f1-45b1-a4dd-aaafd11d44b2,4.770488611111111e-06,1.3994066666666667e-06,20971.0,8.019455445278437e-07,6.971840822305621e-06
91,https://t.me,bBiamRkT0Y3Wj0UorMunTHSz,60.0,0.99,0.82,0.52,0.0,0.0,97,100,0.887441,2277341.0,51.0,84,33.0,74,17.0,0,17.0,58,33.0,2277341,100.00,792982,34.82,48129,2.11,25178,1.11,496252,21.79,914800,40.17,72,telegram-org,0.22926945277769,0.00046410820400342,0.12751966963495,a37ce388-e703-4d84-afa1-462826fd3235,8.426340833333332e-06,1.5009619444444445e-06,2353536.0,9.000084445595741e-05,9.992814723373518e-05
92,https://taboola.com,IInrGBFdxPf1NVD7AkKIkIXp,33.0,0.61,0.92,0.89,0.0,0.0,74,74,3.804662,9741745.0,284.0,42,33.0,61,17.0,0,17.0,25,33.0,9741745,100.00,539744,5.54,252787,2.59,4394107,45.11,4123165,42.32,431942,4.43,39,taboola-com,1.0193352405885,0.0020634316611104,0.56695426081534,c9b99696-da8e-4bd7-b3d0-4361e5ca0f73,1.424931472222222e-05,2.774166944444444e-06,7367382.0,0.00028173378330716863,0.00029875726497383527
93,https://theguardian.com,vG1Wtwvcp13M09VOZVCx4uNV,39.0,0.61,0.77,0.91,0.0,0.0,96,55,1.514066,3633880.0,569.0,36,33.0,69,17.0,0,17.0,45,33.0,3633880,100.00,556065,15.30,310818,8.55,2267739,62.41,0,0.00,499258,13.74,46,theguardian-com-us,0.34821880192403,0.0007048963601701,0.19367929763014,896361f8-d84c-4b9d-8a63-9c0596cb2daf,7.614411666666666e-06,1.706265e-06,1682148.0,6.432650297250599e-05,7.364717963917266e-05
94,https://tiktok.com,AlNYxG09BqsnlDSIZ6lML9KB,33.0,0.29,0.92,0.84,0.0,0.0,1,59,2.047421,5236042.0,235.0,35,33.0,49,17.0,0,17.0,38,33.0,5236042,100.00,18209,0.35,136013,2.60,4134408,78.96,199550,3.81,747862,14.28,39,tiktok-com-explore,0.61285452066734,0.0012405961956829,0.34086968439518,4ff65c81-6b12-4c63-871b-01f36baa87e2,1.794183e-05,2.608271111111111e-06,9705462.0,0.0003711435796330311,0.0003916936807441422
95,https://tinyurl.com,ysttdl7V41fBfC8VeJZk9qir,41.0,0.51,1.0,0.96,0.0,0.0,16,59,2.23042,6888934.0,52.0,13,33.0,49,17.0,100,17.0,36,33.0,6888934,100.00,1144108,16.61,1002537,14.55,2317093,33.64,2097586,30.45,327610,4.76,29,tinyurl-com,0.58436815946931,0.0014484875472263,0.32502557029683,58e9c041-c4d1-4dc6-b358-a12147783aff,1.22431825e-05,2.1833591666666666e-06,7062225.0,0.0002700643685662653,0.000284490910232932
96,https://tradingview.com,tOKQD2Zs1NIrNhSzzJrgDCb7,37.0,0.61,0.85,0.8,0.0,0.0,61,57,3.62034,9290477.0,469.0,56,33.0,60,17.0,0,17.0,26,33.0,9290477,100.00,1148859,12.37,553856,5.96,2185627,23.53,5117033,55.08,285102,3.07,45,tradingview-com,0.96192625372857,0.0019472191371024,0.53502338232383,50f3ca50-04a3-46b6-a24c-068b5d03df6b,2.2792300555555556e-05,3.6969169444444443e-06,9864495.0,0.0003772251115477178,0.0004037143290477178
97,https://triplinkintl.com,GpIsWJCUGnmGlgT430q1jzkq,65.0,0.97,1.0,0.91,0.0,0.0,92,100,0.278307,714499.0,51.0,68,33.0,89,17.0,0,17.0,82,33.0,714499,100.00,170636,23.88,20272,2.84,499694,69.94,0,0.00,23897,3.34,78,triplinkintl-com,0.074141755521297,0.00015008452534676,0.041237644420946,a548d271-5ecd-44d0-a24a-cfdc5e733352,6.619730277777777e-06,1.6230197222222222e-06,857555.0,3.27934963252861e-05,4.10362463252861e-05
98,https://tumblr.com,mMoi5LQKKXMd5soxv5yI5PoR,33.0,0.37,0.92,0.68,0.0,0.0,0,51,2.340762,5741810.0,527.0,42,33.0,46,17.0,0,17.0,35,33.0,5741810,100.00,2996457,52.19,279311,4.86,1929280,33.60,0,0.00,536762,9.35,40,tumblr-com,3.6616652592095,0.0074122778526507,2.0366182171723,d7ad05e7-fc43-44c4-a897-d730936b5db0,8.919462222222224e-06,1.7782744444444444e-06,4280248.0,0.00016367964394040405,0.0001743773806070707
99,https://ubuntu.com,IBjyp7YhFj9tI6f5uLV4dcYx,56.0,0.69,0.92,0.89,0.0,0.0,89,69,0.920198,2360220.0,68.0,69,33.0,79,17.0,0,17.0,58,33.0,2360220,100.00,394343,16.71,170878,7.24,1272357,53.91,0,0.00,522642,22.14,67,ubuntu-com,0.32125102634691,0.00072681227680296,0.17867982085415,51b2f3f9-788d-4738-a5ea-d8ba5a418a7a,5.659707777777778e-06,1.4821530555555556e-06,1282986.0,4.9062272013332695e-05,5.6204132846666026e-05
100,https://ui.com,nb44kDb0jiSw2xFCOLB66vkg,37.0,0.82,0.92,0.86,0.0,0.0,78,93,4.129378,10596764.0,202.0,56,33.0,64,17.0,0,17.0,23,33.0,10596764,100.00,1655998,15.63,7385,0.07,1065075,10.05,7757188,73.20,111118,1.05,44,ui-com,1.0797946676658,0.0021858191653155,0.60058179415574,d6bae8ad-fe19-4031-9ca0-377a7bcb5e4f,1.6354552499999998e-05,2.7458091666666662e-06,10690842.0,0.00040882519236808644,0.0004279255540347531
101,https://un.org,blelcOuCuWRlEbLQhFyZAui7,17.0,0.41,0.92,0.87,0.0,0.0,0,51,6.262942,16071893.0,24.0,13,33.0,42,17.0,0,17.0,17,33.0,16071893,100.00,15508063,96.49,262170,1.63,240397,1.50,0,0.00,61263,0.38,20,un-org,0.56213059652131,0.0011379161872901,0.31265703778515,cc4a0ec0-eaa0-44d6-8a28-f2e51ebe1ad6,6.663107777777777e-06,1.6836075e-06,16293138.0,0.0006230608662189357,0.0006314075814967135
102,https://vimeo.com,8WLE0jlshH6bVcpFHY7itmcr,42.0,0.41,0.85,0.83,0.0,0.0,31,50,10.794178,31986451.0,221.0,42,33.0,48,17.0,100,17.0,10,33.0,31986451,100.00,1577487,4.93,513694,1.61,4975313,15.55,22929139,71.68,1990818,6.22,30,vimeo-com,2.5027815332274,0.0062037053620443,1.3920470887811,fe81e130-d685-4102-9dae-9b64a0b6b81b,2.3213667777777776e-05,3.174717222222222e-06,31951697.0,0.001221854992573252,0.001248243377573252
103,https://vivoglobal.com,YKIEAeOuMlC0a7u611aARzBa,68.0,0.72,0.75,0.76,0.0,0.0,82,55,0.447894,1149380.0,6.0,93,33.0,74,17.0,0,17.0,74,33.0,1149380,100.00,1148019,99.88,1361,0.12,0,0.00,0,0.00,0,0.00,82,vivoglobal-com,0.11974236148037,0.00024239344429225,0.066600701455382,3572bb22-b7f2-4a8c-b373-ed2d0d9f6a95,4.830756944444445e-06,1.3533650000000001e-06,1216185.0,4.650775557062589e-05,5.2691877515070334e-05
104,https://w3.org,BVycz4UfOehlWUAAYY211r1p,92.0,1.0,1.0,1.0,0.0,0.0,100,100,0.234203,694335.0,28.0,96,33.0,92,17.0,100,17.0,84,33.0,694335,100.00,511317,73.64,69695,10.04,25410,3.66,50332,7.25,37581,5.41,90,w3-org,0.059829477253184,0.00014830077812076,0.033277155248221,81cef7a3-ddb3-4c77-bdc6-fe50990a7609,5.897921388888888e-06,1.4707880555555553e-06,563381.0,2.1544079100741073e-05,2.8912788545185515e-05
105,https://weebly.com,9HUcEXVI9Rl2TlcQtPU37THW,49.0,0.8,0.77,0.86,0.0,0.0,89,85,1.257181,3226163.0,39.0,62,33.0,68,17.0,0,17.0,50,33.0,3226163,100.00,891668,27.64,109395,3.39,1608704,49.86,0,0.00,616396,19.11,58,weebly-com,0.37595631007757,0.00076104516210034,0.20910689966514,5e9c81d2-9d68-4816-a5cd-a27414f02e67,8.35589e-06,1.8512452777777776e-06,2845343.0,0.00010880788429276086,0.00011901501957053864
106,https://who.int,0soj8PXtkyDpfv3M4hOQ1GV2,25.0,0.54,0.92,1.0,0.0,0.0,18,75,2.206355,5661924.0,122.0,13,33.0,50,17.0,0,17.0,36,33.0,5661924,100.00,1006528,17.78,715135,12.63,2382378,42.08,0,0.00,1557883,27.52,30,who-int,0.0011440844172612,2.3159603588283e-06,0.00063633975288067,5694558f-b51a-405c-b0aa-9b6784391d37,8.902378888888888e-06,1.839998888888889e-06,4687082.0,0.00017923725748589264,0.00018997963526367042
107,https://wikimedia.org,opGChN2egD0EsmYaPl6Gul36,81.0,1.0,0.91,0.84,0.0,0.0,100,100,0.056266,144389.0,19.0,100,33.0,92,17.0,0,17.0,96,33.0,144389,100.00,128912,89.28,11521,7.98,3956,2.74,0,0.00,0,0.00,97,wikimedia-org,0.015174983985722,3.0718591064215e-05,0.0084403260928586,3978c74c-d97e-49e3-83f8-d347568cf336,4.8286958333333325e-06,1.3754819444444445e-06,215725.0,8.249473205534741e-06,1.4453650983312519e-05
108,https://wikipedia.org,PHDsbZP5wTTD5USXTHLU8iTb,82.0,1.0,1.0,1.0,0.0,0.0,100,70,0.031196,80055.0,5.0,100,33.0,97,17.0,0,17.0,98,33.0,80055,100.00,36416,45.49,32138,40.14,11501,14.37,0,0.00,0,0.00,99,wikipedia-org,0.008400199376978,1.7004452180117e-05,0.0046721908934752,e012b09a-c05a-4741-ac7b-59a30311af1f,5.6710661111111115e-06,1.4716202777777776e-06,113524.0,4.341236278526485e-06,1.1483922667415374e-05
109,https://wordpress.com,1caH56gHE0ZS2tKl7ov0Uver,44.0,0.97,0.92,0.89,0.0,0.0,89,97,1.346149,3454472.0,73.0,46,33.0,76,17.0,0,17.0,48,33.0,3454472,100.00,2187286,63.32,115848,3.35,766116,22.18,0,0.00,385222,11.15,53,wordpress-com,0.36009710546304,0.00072894150903448,0.20028601005854,df851238-82e5-40eb-8e88-749e86398070,6.4445894444444445e-06,1.5900338888888888e-06,1262578.0,4.828185597820208e-05,5.631647931153541e-05
110,https://wordpress.org,4HTLEt8fkfRXTHZrBrkYWkQI,42.0,0.86,1.0,0.93,0.0,0.0,81,93,1.331378,3415769.0,61.0,39,33.0,75,17.0,0,17.0,48,33.0,3415769,100.00,1610068,47.14,415696,12.17,1158421,33.91,0,0.00,231584,6.78,50,wordpress-org,0.35680125866923,0.00072226975439116,0.19845286007183,c1cda624-813a-45ee-9e00-defda9ffaee3,7.445218333333333e-06,1.6918233333333332e-06,3650212.0,0.00013958663153793664,0.0001487236732046033
111,https://www.gov.uk,AEvwHoOIybLnI9tkLxB0dLkB,76.0,0.88,1.0,1.0,0.0,0.0,100,75,0.082227,211009.0,16.0,86,33.0,97,17.0,0,17.0,94,33.0,211009,100.00,26809,12.71,59546,28.22,58491,27.72,0,0.00,66163,31.36,91,gov-uk,0.021498866574839,4.351997282356e-05,0.011957669588925,7f2e3049-163c-4373-862a-b0472b02b675,5.001306388888889e-06,1.3953877777777779e-06,266264.0,1.0182119520679117e-05,1.6578813687345783e-05
112,https://yandex.com,m24AsYjvPe4xxmTlzNltRdUl,69.0,0.96,1.0,0.92,0.0,0.0,87,100,0.149868,382546.0,27.0,71,33.0,95,17.0,0,17.0,89,33.0,382546,100.00,15994,4.18,85225,22.28,220311,57.59,0,0.00,61016,15.95,83,yandex-com,0.10148041889202,0.00022959370790049,0.056443408987741,8179f1d3-7078-4b85-abc3-5049170c07af,6.049465e-06,1.5068047222222222e-06,697843.0,2.6685998980971055e-05,3.4242268703193276e-05
113,https://yandex.net,cOWkfWniA2fOntoEmQWWJCPO,69.0,0.95,1.0,0.91,0.0,0.0,86,100,0.160528,407589.0,31.0,70,33.0,95,17.0,0,17.0,89,33.0,407589,100.00,14102,3.46,102884,25.24,228644,56.10,0,0.00,61959,15.20,83,ya-ru,0.042164497062564,8.535323292017e-05,0.023451893266198,8663da8c-1d6d-4e56-9cc4-b59a51e901fd,6.652776388888888e-06,1.7800802777777779e-06,806840.0,3.085411964841187e-05,3.9286976315078536e-05
