url,report_id,page_weight_bytes,cpu_energy_kwh,ended_at,source,status,failed
https://jamulus.app,b9f68e7b-0af5-4e98-9d51-d2217f663e5a,190142.0,4.90584e-06,2026-06-20 17:45:31.699827+02:00,gmt,success,False
https://amazonaws.com,bfc864f8-5cab-4973-874f-c3324458d81f,13358796.0,1.739511861111111e-05,2026-06-20 19:38:55.593051+02:00,gmt,success,False
https://apple.com,66d577cc-fcce-4545-a0f5-4a7d5bcd6d9b,2583296.0,1.3815753333333334e-05,2026-06-20 19:38:55.701469+02:00,gmt,success,False
https://wikipedia.org,e012b09a-c05a-4741-ac7b-59a30311af1f,113524.0,5.6710661111111115e-06,2026-06-20 19:44:04.742783+02:00,gmt,success,False
https://epicgames.com,86dbf8bc-0dc8-4a67-a028-740906b8eb13,20819455.0,1.4775468055555556e-05,2026-06-20 19:51:22.063960+02:00,gmt,success,False
https://apache.org,97c57ef1-0e7d-448b-a41d-67aa324437b9,985866.0,5.410217222222222e-06,2026-06-20 20:02:02.627394+02:00,gmt,success,False
https://amazonvideo.com,e33ff3ae-8759-406c-9c21-c5df9190f43c,3069405.0,7.459987222222222e-06,2026-06-20 20:02:02.840631+02:00,gmt,success,False
https://mailinabox.email,359c56f2-0011-4f11-ba64-725e2dccc74d,2371148.0,6.8386525e-06,2026-06-20 20:02:03.055476+02:00,gmt,success,False
https://dns.google,e5f25035-9298-4e05-bff2-b6cfe7d08803,87519.0,4.9155525e-06,2026-06-20 20:02:03.165260+02:00,gmt,success,False
https://outlook.com,fd356a96-f723-4bd9-b258-97359cc78926,15183058.0,1.2002750833333334e-05,2026-06-20 20:04:18.601971+02:00,gmt,success,False
https://kaspersky.com,a2e47b0e-601f-46d5-873b-a53176a68680,3340325.0,8.353740833333333e-06,2026-06-20 20:23:22.057609+02:00,gmt,success,False
https://gravatar.com,96151962-b45a-4f97-8389-0246261c4f4e,6251700.0,8.67404e-06,2026-06-20 20:38:10.849418+02:00,gmt,success,False
https://intuit.com,010f5934-b708-483e-8962-edd08886d190,2922699.0,1.3808188333333333e-05,2026-06-20 20:47:12.861384+02:00,gmt,success,False
https://dropbox.com,5afad5be-886a-4e78-bdd7-0616703f6ac7,12770327.0,1.9138368611111112e-05,2026-06-20 20:51:44.038791+02:00,gmt,success,False
https://f5.com,eecece3f-b749-4c03-b934-06685e7a7786,3658577.0,7.605484722222222e-06,2026-06-20 21:00:31.506520+02:00,gmt,success,False
https://godaddy.com,d1462898-de51-4274-90ca-b9f82f539089,527458.0,6.5516525e-06,2026-06-20 21:10:18.633912+02:00,gmt,success,False
https://xiaomi.com,fc97ff99-7839-46c4-97d8-b6e4086db750,5653598.0,1.2919420555555556e-05,2026-06-20 21:14:49.655311+02:00,gmt,success,False
https://archive.org,c098738a-0a0f-46cb-a617-ccc07efe5975,1374059.0,6.43703e-06,2026-06-20 21:28:53.088567+02:00,gmt,success,False
https://reg.ru,a9a6e2f9-abcd-44a1-95ef-0ec1b95526a1,3374590.0,8.224355277777778e-06,2026-06-20 21:38:10.241252+02:00,gmt,success,False
https://nytimes.com,75a823f3-8c17-45a5-942b-6f32b2fc8afc,56595953.0,1.9990490277777777e-05,2026-06-20 21:47:57.629859+02:00,gmt,success,False
https://tumblr.com,d7ad05e7-fc43-44c4-a897-d730936b5db0,4280248.0,8.919462222222222e-06,2026-06-20 21:52:58.754199+02:00,gmt,success,False
https://paypal.com,263ce189-bb29-4303-ae35-3c83c4956120,2445599.0,9.400208055555555e-06,2026-06-20 22:07:32.168291+02:00,gmt,success,False
https://one.one,fd14f1cb-881e-40f7-80c8-4c654d63d442,8064852.0,1.0788915277777777e-05,2026-06-20 22:21:20.597696+02:00,gmt,success,False
https://discord.com,901739c2-0981-4aa3-a96e-37507fe8f3e4,8627462.0,1.6516305277777777e-05,2026-06-20 22:26:21.713557+02:00,gmt,success,False
https://shopify.com,0084cab0-774e-43ca-8a23-fc91a33588da,2082535.0,1.1356701944444445e-05,2026-06-20 22:30:52.825702+02:00,gmt,success,False
https://adobe.io,33b52022-4392-4e4e-8647-8be8a0f168f5,1087423.0,5.848798055555555e-06,2026-06-20 22:50:27.187635+02:00,gmt,success,False
https://telekom.de,5ce88b0e-0218-4b1a-a75e-0b12bb4a1d66,1775091.0,6.661546944444445e-06,2026-06-20 23:00:25.559453+02:00,gmt,success,False
https://flickr.com,bf65c931-33a5-44ea-966e-960fb7ddc0b8,6481798.0,1.0217788055555556e-05,2026-06-20 23:23:32.206670+02:00,gmt,success,False
https://userapi.com,e395f4fe-7a99-4135-9e7d-0f551ebe62b1,6935528.0,1.1342326111111111e-05,2026-06-20 23:28:33.475438+02:00,gmt,success,False
https://soundcloud.com,7f51e2b7-fdbf-472e-9da7-95f21921bca6,4920391.0,1.07990675e-05,2026-06-20 23:52:25.260483+02:00,gmt,success,False
https://adtrafficquality.google,c3969f5f-78cc-4806-9552-bbd56cf29fea,785957.0,7.673515555555555e-06,2026-06-21 00:02:12.963411+02:00,gmt,success,False
https://medium.com,4c7ed9c3-35eb-4ed2-8e7e-1d6f32185493,2128541.0,8.282662777777777e-06,2026-06-21 00:11:15.432530+02:00,gmt,success,False
https://webex.com,124f04a0-ed56-4c5f-a023-c96169a36202,11316586.0,1.2949705e-05,2026-06-21 00:15:46.713470+02:00,gmt,success,False
https://w3.org,81cef7a3-ddb3-4c77-bdc6-fe50990a7609,563381.0,5.897921388888889e-06,2026-06-21 00:41:37.300532+02:00,gmt,success,False
https://example.com,d778833b-3823-4203-8d87-d7ee49cd3fa8,7700.0,4.533818055555556e-06,2026-06-21 00:50:54.939905+02:00,gmt,success,False
https://theguardian.com,896361f8-d84c-4b9d-8a63-9c0596cb2daf,1682148.0,7.614411666666667e-06,2026-06-21 01:14:22.688565+02:00,gmt,success,False
https://cnn.com,c73e0a8b-17e4-418e-9c8f-b567dba32156,14004302.0,1.3945473611111112e-05,2026-06-21 01:19:24.017868+02:00,gmt,success,False
https://forbes.com,5448f757-190c-4349-88db-e1c37bafc0c2,4664417.0,1.0565820555555555e-05,2026-06-21 01:53:03.408239+02:00,gmt,success,False
https://creativecommons.org,8f992575-a413-4295-a17f-831e73f4f9e1,23777650.0,6.149827777777778e-06,2026-06-21 01:57:19.622025+02:00,gmt,success,False
https://avast.com,bf12d075-4fd5-40f5-9f87-c5419561c416,904060.0,8.584036388888889e-06,2026-06-21 02:11:23.946571+02:00,gmt,success,False
https://bbc.com,dd4955e0-5d0d-4222-8f34-75780f3b3c23,2060260.0,8.570509444444445e-06,2026-06-21 02:26:13.062767+02:00,gmt,success,False
https://cpanel.net,2dc301b5-a131-4430-90e9-a6d73305b00f,854995.0,5.826831111111111e-06,2026-06-21 02:30:44.717136+02:00,gmt,success,False
https://pubmatic.com,4672c487-154d-4a46-899f-ecfbad5ec7ed,7197201.0,8.571606666666667e-06,2026-06-21 02:39:47.793421+02:00,gmt,success,False
https://miui.com,346c3ccd-b68f-4e6a-8d52-6912ab1ca50b,2470151.0,8.234619166666666e-06,2026-06-21 02:44:19.566154+02:00,gmt,success,False
https://weather.com,cf696fc4-a308-4bb7-baab-91a0f0de078e,1850623.0,6.967515277777778e-06,2026-06-21 02:49:06.196685+02:00,gmt,success,False
https://ebay.com,98ef770b-7952-4439-b181-ded4b517b764,4255753.0,9.746542777777777e-06,2026-06-21 02:58:24.527651+02:00,gmt,success,False
https://twitch.tv,4e01fc0b-5fdd-4095-be7a-a6a1bf47e4dd,5766423.0,1.390590861111111e-05,2026-06-21 03:12:59.404124+02:00,gmt,success,False
https://t.co,be65215b-e6f1-45b1-a4dd-aaafd11d44b2,20971.0,4.770488611111111e-06,2026-06-21 03:17:56.850155+02:00,gmt,success,False
https://pki.goog,ecfe98f5-6871-4268-a41a-aff367467120,1681850.0,5.365596666666667e-06,2026-06-21 03:22:43.490860+02:00,gmt,success,False
https://t-online.de,417d07ef-32c4-49df-9c2b-8ce2ea3ecfd3,2429458.0,1.1187157777777778e-05,2026-06-21 03:27:14.998085+02:00,gmt,success,False
https://doi.org,e490e360-2c87-4d61-b108-e172085b28fa,1522171.0,7.916968333333333e-06,2026-06-21 03:31:31.572624+02:00,gmt,success,False
https://researchgate.net,51ec3505-4589-469e-85d6-01925f55d583,1848640.0,7.089785277777778e-06,2026-06-21 03:36:33.195415+02:00,gmt,success,False
https://bbc.co.uk,98a67280-ad09-477a-810e-a22692d672b8,4117703.0,1.0939694444444445e-05,2026-06-21 03:41:34.877156+02:00,gmt,success,False
https://mit.edu,f7394f4a-aeba-45fa-803a-f4a1f0997e02,1762710.0,5.6635838888888885e-06,2026-06-21 03:46:21.418302+02:00,gmt,success,False
https://oxylabs.io,996817f0-5ee9-4ec1-aaa2-f8b309c8658b,13742463.0,1.6511154444444445e-05,2026-06-21 03:50:53.126808+02:00,gmt,success,False
https://gmail.com,1c173b86-07e9-4828-bdba-720ca1b3388d,1000221.0,6.697389444444445e-06,2026-06-21 03:55:24.663931+02:00,gmt,success,False
https://cisco.com,9c1b17e1-0ec7-412a-969c-b3ba1cccc80c,4813847.0,9.776451666666666e-06,2026-06-21 03:59:41.099710+02:00,gmt,success,False
https://sourceforge.net,3ab7e7bc-db69-4a39-b204-ef67c67c6cb9,785040.0,8.527723611111111e-06,2026-06-21 04:08:59.390754+02:00,gmt,success,False
https://nist.gov,5b0c3f80-8f3f-455e-99f0-05882438ea8d,6218035.0,9.55006388888889e-06,2026-06-21 04:13:15.952573+02:00,gmt,success,False
https://android.com,ad1195b6-e693-42e1-aef0-9c041031b719,1348890.0,8.759790833333333e-06,2026-06-21 04:17:47.605298+02:00,gmt,success,False
https://canva.com,138a0cb2-5dc5-43f7-a32a-74acc307d49a,8801460.0,8.766902222222222e-06,2026-06-21 04:26:50.806684+02:00,gmt,success,False
https://imdb.com,eb937c1d-8021-4c54-bf35-19df34c782ee,3516432.0,9.18954e-06,2026-06-21 04:31:37.456306+02:00,gmt,success,False
https://ubuntu.com,51b2f3f9-788d-4738-a5ea-d8ba5a418a7a,1282986.0,5.659707777777778e-06,2026-06-21 04:36:54.120712+02:00,gmt,success,False
https://mts.ru,2fce9578-bb03-474f-9779-e6aa53c6771f,4093186.0,1.2954671111111111e-05,2026-06-21 04:46:12.346923+02:00,gmt,success,False
https://stripe.com,54a8590c-e264-42d9-acb1-c7fd1f1611ca,1965100.0,1.29903325e-05,2026-06-21 05:05:03.777937+02:00,gmt,success,False
https://roku.com,2a66835d-b629-4741-9f5d-415387c4deae,2293273.0,6.958546666666667e-06,2026-06-21 05:28:41.957774+02:00,gmt,success,False
https://pages.dev,af50708c-6d54-4f18-b7e7-db76a7b4ef43,346621.0,8.099268333333333e-06,2026-06-21 05:33:28.653412+02:00,gmt,success,False
https://telegram.org,46ac0372-17c3-49a8-a4b2-7b45964139af,2378695.0,8.341353333333334e-06,2026-06-21 05:38:15.234096+02:00,gmt,success,False
https://who.int,5694558f-b51a-405c-b0aa-9b6784391d37,4687082.0,8.902378888888888e-06,2026-06-21 05:43:16.895288+02:00,gmt,success,False
https://hubspot.com,11243c1c-bf5f-45fd-a8e2-706aad8f61e0,2975457.0,1.0207806111111111e-05,2026-06-21 05:48:03.513784+02:00,gmt,success,False
https://openai.com,6cf88711-e8ce-43fa-a8d7-76e60b55a7c6,4557814.0,8.487412222222222e-06,2026-06-21 06:01:55.667399+02:00,gmt,success,False
https://linktr.ee,aad3ac77-28e2-41be-8e5c-faffb39120b0,6053151.0,9.865016944444445e-06,2026-06-21 06:16:00.591146+02:00,gmt,success,False
https://booking.com,4882d90d-4377-40a7-a1a9-d15ccfc5c21c,4919316.0,1.0446504444444445e-05,2026-06-21 06:20:32.380688+02:00,gmt,success,False
https://meraki.com,5ab02e9a-b749-4da8-a2d1-dcf4c116dd4c,1432684.0,5.930855e-06,2026-06-21 06:24:48.861183+02:00,gmt,success,False
https://forter.com,68030266-cc63-462e-8733-048b1cefbb32,799840.0,5.860666944444444e-06,2026-06-21 06:38:53.868787+02:00,gmt,success,False
https://dropcatch.com,76640c20-028a-476b-811b-499822406feb,2424013.0,9.3048575e-06,2026-06-21 07:34:27.148002+02:00,gmt,success,False
https://launchpad.net,f4f831a1-a286-4da6-a5ae-2e8270ed4d1c,504384.0,5.2026077777777775e-06,2026-06-21 07:39:28.889866+02:00,gmt,success,False
https://wikimedia.org,3978c74c-d97e-49e3-83f8-d347568cf336,215725.0,4.828695833333333e-06,2026-06-21 07:44:15.457446+02:00,gmt,success,False
https://springer.com,5399cd3a-85bd-4f91-b491-ae11e28c7be4,1112680.0,6.076001944444444e-06,2026-06-21 07:49:17.084041+02:00,gmt,success,False
https://hp.com,eb440351-132a-4610-bf62-2fed3672fd44,1862025.0,7.515116666666667e-06,2026-06-21 07:58:05.233638+02:00,gmt,success,False
https://telekom.net,f0630b7f-a19b-4167-a1ef-a7fc847b7caf,1579686.0,7.0196097222222225e-06,2026-06-21 08:03:06.987551+02:00,gmt,success,False
https://ampproject.org,6a28b427-5434-46cf-b6a7-cf79258f3871,757538.0,5.474848888888889e-06,2026-06-21 08:21:58.497978+02:00,gmt,success,False
https://afternic.com,352f85ea-fe8e-42fa-a1a2-9fa5f801b599,1911828.0,8.338313055555556e-06,2026-06-21 08:26:30.072421+02:00,gmt,success,False
https://ibm.com,92336ea1-27f3-4284-b498-b4f40bb03729,28914829.0,1.6288004444444443e-05,2026-06-21 08:31:16.621679+02:00,gmt,success,False
https://salesforce.com,673e2b91-169d-46c0-a19d-7893c8788248,5273368.0,1.1282823055555555e-05,2026-06-21 08:35:48.278102+02:00,gmt,success,False
https://tinyurl.com,58e9c041-c4d1-4dc6-b358-a12147783aff,7062225.0,1.22431825e-05,2026-06-21 08:40:19.809892+02:00,gmt,success,False
https://mozilla.com,f46e14c3-f65a-4d83-b33f-e5763121d06b,457283.0,5.4822511111111115e-06,2026-06-21 08:59:12.256344+02:00,gmt,success,False
https://samsungcloud.com,39ff052f-e243-446c-843d-8b49b1759b07,5105393.0,7.419886666666667e-06,2026-06-21 09:08:45.578935+02:00,gmt,success,False
https://hcaptcha.com,96ebb8db-8155-425d-ae07-498d3f4c714e,1809862.0,6.9332325e-06,2026-06-21 09:18:19.025341+02:00,gmt,success,False
https://mzstatic.com,e77725c9-20d8-48b9-a352-d58d95772cab,2580337.0,1.3682763888888888e-05,2026-06-21 09:23:05.814282+02:00,gmt,success,False
https://www.gov.uk,7f2e3049-163c-4373-862a-b0472b02b675,266264.0,5.001306388888889e-06,2026-06-21 09:41:12.879273+02:00,gmt,success,False
https://dnsmadeeasy.com,f4cc87ac-bb12-4e6c-a236-aa5e0eb1da1f,1851755.0,6.722941666666666e-06,2026-06-21 09:50:31.377999+02:00,gmt,success,False
https://alibaba.com,430d12fc-38d9-4ece-b265-41bcdda51e00,9260620.0,2.2444345555555555e-05,2026-06-21 09:55:18.216846+02:00,gmt,success,False
https://googleblog.com,b23f6101-c2d7-44ed-a6bf-2bd48520923b,807224.0,6.225594166666667e-06,2026-06-21 10:00:04.971180+02:00,gmt,success,False
https://nature.com,d8b59396-b157-4005-ae7b-78bef66be945,1186906.0,6.586341944444445e-06,2026-06-21 10:05:06.807686+02:00,gmt,success,False
https://alidns.com,e829d64e-002e-4693-8de2-0c233dc1f8fa,10688558.0,1.664201388888889e-05,2026-06-21 10:09:38.666086+02:00,gmt,success,False
https://triplinkintl.com,a548d271-5ecd-44d0-a24a-cfdc5e733352,857555.0,6.619730277777778e-06,2026-06-21 11:01:58.388935+02:00,gmt,success,False
https://harvard.edu,bfa0b5b9-9132-43c6-9e92-3a29b97b8cf1,2600615.0,7.6159619444444446e-06,2026-06-21 11:01:58.953204+02:00,gmt,success,False
https://steampowered.com,abe81ebe-2e5a-40d3-b692-3d2c1be5b1d1,13869996.0,1.1967746111111112e-05,2026-06-21 11:01:59.167222+02:00,gmt,success,False
https://ok.ru,4d4b6fca-f57b-4972-8edc-07c360813d68,6003056.0,8.938604444444444e-06,2026-06-21 11:45:50.155126+02:00,gmt,success,False
https://drom.ru,43577ebb-77f4-47d1-8c24-5e2a135f4d97,1568700.0,6.871963333333333e-06,2026-06-21 11:45:50.275505+02:00,gmt,success,False
https://amazon.co.uk,36ec2533-c984-49aa-bccc-01b7f7b285d2,7739693.0,8.827417222222222e-06,2026-06-21 11:45:50.381580+02:00,gmt,success,False
https://php.net,6da6ed9b-0955-40d3-830d-a20e704a4675,1056057.0,5.193148888888889e-06,2026-06-21 11:45:50.481797+02:00,gmt,success,False
https://weibo.com,698edcfe-31ba-43ef-8618-d84d7f14785a,3403860.0,7.5613552777777774e-06,2026-06-21 11:49:59.147066+02:00,gmt,success,False
https://wiley.com,9238de44-43db-4db2-969a-b54c31e2d0f7,5375863.0,6.0168525e-06,2026-06-21 11:55:05.382982+02:00,gmt,success,False
https://autodesk.com,3a30b202-872c-4b41-9b62-975145f795e5,573394.0,7.005638611111111e-06,2026-06-21 11:59:36.955808+02:00,gmt,success,False
https://launchdarkly.com,280101fa-3423-456c-b324-154af26bc31c,2848297.0,1.0272810833333333e-05,2026-06-21 12:08:40.174183+02:00,gmt,success,False
https://vk.ru,20978e60-4898-40e5-a0fb-31633eb0075b,6872329.0,1.1222794722222223e-05,2026-06-21 12:18:44.476481+02:00,gmt,success,False
https://bilibili.com,ca14d0c3-275e-4ec8-8ba5-4a70bbbf03f6,3162391.0,1.4016756111111111e-05,2026-06-21 12:33:19.381527+02:00,gmt,success,False
https://opendns.com,5862ea49-e4bf-4ebe-b77b-6f144e1e8be8,1381361.0,5.170530277777778e-06,2026-06-21 12:53:56.327071+02:00,gmt,success,False
https://ea.com,14556366-105d-4146-aede-af1ddd610bc7,4941062.0,9.069098055555555e-06,2026-06-21 12:59:13.152259+02:00,gmt,success,False
https://weebly.com,5e9c81d2-9d68-4816-a5cd-a27414f02e67,2845343.0,8.35589e-06,2026-06-21 13:04:02.397859+02:00,gmt,success,False
https://issuu.com,c95f6cb0-4ed4-4057-80f0-efd336b359e1,6201176.0,1.3859491111111111e-05,2026-06-21 13:29:54.868979+02:00,gmt,success,False
https://gnu.org,8eda8cf0-d9ef-4c6b-8116-0d0bad6f0292,1485794.0,5.8420925e-06,2026-06-21 13:38:58.036197+02:00,gmt,success,False
https://slack.com,2d3bd2eb-1323-443d-9ebb-fb877b72f0b3,73390735.0,2.5050015e-05,2026-06-21 13:48:31.403884+02:00,gmt,success,False
https://checkpoint.com,cb6b85b1-a5fa-4f0c-a982-8edc46bc7f5f,19560374.0,1.1451118055555555e-05,2026-06-21 13:53:33.171835+02:00,gmt,success,False
https://quickconnect.to,78f73a6f-ec21-40d7-b8e7-3ae751ea6075,335849.0,5.196056666666667e-06,2026-06-21 14:12:43.822351+02:00,gmt,success,False
https://cdc.gov,da17e404-1a6d-4f73-aa9a-4e75c845acc6,5555585.0,7.598255833333334e-06,2026-06-21 14:17:45.497215+02:00,gmt,success,False
https://un.org,cc4a0ec0-eaa0-44d6-8a28-f2e51ebe1ad6,16293138.0,6.663107777777778e-06,2026-06-21 14:22:32.235436+02:00,gmt,success,False
https://trustpilot.com,60965c43-5a54-4eae-a80a-78457af416e7,4890270.0,1.3606606388888888e-05,2026-06-21 14:27:18.926562+02:00,gmt,success,False
https://lencr.org,4edbf941-adea-4b6b-b2fb-c33946a893a5,444917.0,5.4728911111111114e-06,2026-06-21 14:32:20.656582+02:00,gmt,success,False
https://amplitude.com,9990ade9-3beb-4fe1-9d07-f57dda741060,14539568.0,1.6361706944444446e-05,2026-06-21 14:41:23.913907+02:00,gmt,success,False
https://onelink.me,bb13ee16-8a8f-458e-96ae-0b5fb8904597,25179081.0,9.846061666666667e-06,2026-06-21 14:45:55.517910+02:00,gmt,success,False
https://aliyun.com,1ae1933b-fdb7-46da-bfa1-948e13928ec6,7667135.0,1.2274655833333333e-05,2026-06-21 14:50:42.253654+02:00,gmt,success,False
https://naver.com,2a53708c-c24e-4bf6-9b22-6c79518c3a01,9915645.0,1.0512216944444445e-05,2026-06-21 15:00:15.747858+02:00,gmt,success,False
https://washingtonpost.com,7028a208-94d4-4a13-b1ae-2126eb89bb94,4726044.0,1.22126925e-05,2026-06-21 15:19:07.591292+02:00,gmt,success,False
https://dell.com,3c4d5b6e-02d3-4636-bea8-463409fcb101,5344575.0,1.2730248333333333e-05,2026-06-21 15:37:59.342374+02:00,gmt,success,False
https://tradingview.com,50f3ca50-04a3-46b6-a24c-068b5d03df6b,9864495.0,2.2792300555555556e-05,2026-06-21 15:43:01.117120+02:00,gmt,success,False
https://google.cn,7ce44989-f98c-4d1d-992f-1304a36cfb72,38802.0,4.561673333333333e-06,2026-06-21 15:48:03.031761+02:00,gmt,success,False
https://nasa.gov,6eb33d43-3a32-466c-bd51-9d43d06d4a6f,15471413.0,7.956096388888888e-06,2026-06-21 15:53:05.743677+02:00,gmt,success,False
https://selectel.ru,7577883a-6bf7-48cc-96af-d08c78a81ad0,6755622.0,1.2820635833333334e-05,2026-06-21 15:57:41.942707+02:00,gmt,success,False
https://bloomberg.com,ef690c80-c3e9-4608-924f-0d9baa15d209,11871547.0,1.9349850277777776e-05,2026-06-21 16:02:35.770229+02:00,gmt,success,False
https://unsplash.com,31d32a33-2345-49c0-97d9-066b54f28eb3,1512297.0,7.78284611111111e-06,2026-06-21 16:07:39.088074+02:00,gmt,success,False
https://stanford.edu,24a85f27-4a23-47da-be71-73ebdb4ed28f,4434494.0,7.042004722222222e-06,2026-06-21 16:16:57.118874+02:00,gmt,success,False
https://nvidia.com,94aba8f5-b9c1-489f-aaca-ba3d2aa45254,9507405.0,1.3061509722222222e-05,2026-06-21 16:31:31.742615+02:00,gmt,success,False
https://zendesk.com,dfecadc2-4621-425a-9d05-ebfc8384e3c8,3766876.0,1.1893939722222222e-05,2026-06-21 16:45:51.684114+02:00,gmt,success,False
https://aol.com,4a95d7fe-b20b-4de3-966e-57c38b0b9e07,5394218.0,1.068489111111111e-05,2026-06-21 16:50:38.403625+02:00,gmt,success,False
https://ivi.ru,95feefed-e0db-4958-8e39-87455041edc2,3163574.0,8.74231861111111e-06,2026-06-21 17:57:58.556086+02:00,gmt,success,False
https://dailymotion.com,67254658-68e5-4c02-8dcb-deff3e101242,3840327.0,8.885948333333334e-06,2026-06-21 17:57:58.663342+02:00,gmt,success,False
https://plesk.com,5fee3dd7-920d-4e16-9ee2-cda13a0fc50a,1210116.0,6.914995e-06,2026-06-21 17:57:58.773307+02:00,gmt,success,False
https://calendly.com,1c51e9b8-c2b9-49e5-af0f-b95660073c31,3591081.0,1.4983016666666667e-05,2026-06-21 17:57:59.093316+02:00,gmt,success,False
https://temu.com,8b7bd13d-997d-4bb5-8fdc-d8cfddf5046d,4329030.0,1.054685638888889e-05,2026-06-21 17:57:59.204528+02:00,gmt,success,False
https://tp-link.com,63e58db7-3902-4046-b6c2-5ce300477e39,6424237.0,6.4894588888888885e-06,2026-06-21 17:57:59.336804+02:00,gmt,success,False
https://yandex.com,8179f1d3-7078-4b85-abc3-5049170c07af,697843.0,6.049465e-06,2026-06-21 18:10:48.639834+02:00,gmt,success,False
https://amazon.de,064676d7-0d0e-430e-bd74-f4539e5a589d,8805863.0,1.0610809444444445e-05,2026-06-21 18:15:05.202306+02:00,gmt,success,False
https://indeed.com,64f84918-110e-40de-b56d-57192eefa539,2883638.0,9.014073888888889e-06,2026-06-21 18:20:06.925452+02:00,gmt,success,False
https://vivoglobal.com,3572bb22-b7f2-4a8c-b373-ed2d0d9f6a95,1216185.0,4.830756944444444e-06,2026-06-21 18:34:22.663988+02:00,gmt,success,False
https://globo.com,2a2ff4ad-86e4-4797-b4a4-1ca91ef19a3c,10039816.0,1.5286165277777777e-05,2026-06-21 18:48:43.169377+02:00,gmt,success,False
https://gitlab.com,4827e500-73d1-478b-9607-76d486ee43ee,1501602.0,7.164848888888889e-06,2026-06-21 18:53:44.984300+02:00,gmt,success,False
https://cookiedatabase.org,3a6e1bdb-d76e-4159-8155-16db31e18fb3,683092.0,5.784856111111111e-06,2026-06-21 18:58:16.655960+02:00,gmt,success,False
https://debian.org,cd80dc54-47e5-4424-9d1f-a50fbe378811,2420374.0,5.110132777777778e-06,2026-06-21 19:02:48.437618+02:00,gmt,success,False
https://ngenix.net,3c2eed44-a3db-4401-876b-4ee9367c79c2,1120946.0,7.1312275e-06,2026-06-21 19:12:51.905598+02:00,gmt,success,False
https://google.com,c57c6a40-381c-4c9a-a40a-bc351011199f,1366837.0,6.967853055555556e-06,2026-06-22 10:20:08.912812+02:00,gmt,success,False
https://cloudflare.com,8d5df15f-2dab-41c9-add2-b16908633a0d,7508564.0,1.5260055555555554e-05,2026-06-22 10:20:09.856274+02:00,gmt,success,False
https://facebook.com,bc05087a-bdaf-4aef-8a83-fee2b54e9250,2591471.0,7.132989722222222e-06,2026-06-22 10:20:10.076041+02:00,gmt,success,False
https://microsoft.com,a326ea04-0505-4b49-9308-5a2f93c65a73,2937421.0,9.095889166666667e-06,2026-06-22 10:20:10.182075+02:00,gmt,success,False
https://youtube.com,dfe5c395-7daf-432d-a031-04788e430c7a,4131622.0,1.61150825e-05,2026-06-22 10:20:10.433875+02:00,gmt,success,False
https://instagram.com,371a9cb2-1067-4fa6-a455-d74448593ba8,3041709.0,7.895210277777778e-06,2026-06-22 10:57:34.994197+02:00,gmt,success,False
https://fbcdn.net,3c41dd26-b6e2-44e0-8ae5-bdd37cae6f84,2531276.0,6.945531944444445e-06,2026-06-22 11:16:27.177763+02:00,gmt,success,False
https://twitter.com,5571254f-7cdc-4f11-8790-229101587fd5,3293750.0,8.934254166666666e-06,2026-06-22 11:55:27.141544+02:00,gmt,success,False
https://linkedin.com,caa930ca-f480-48fb-9c70-5dc2a0d57c09,1171868.0,6.366626944444445e-06,2026-06-22 12:14:34.957429+02:00,gmt,success,False
https://live.com,df5cfdf1-ef96-4507-af22-5833a6499d7c,15439504.0,1.2002699722222222e-05,2026-06-22 14:16:11.833175+02:00,gmt,success,False
https://office.com,9b92af1c-240e-48b9-8783-08a92af622c6,3371775.0,6.506330833333333e-06,2026-06-22 14:16:11.971599+02:00,gmt,success,False
https://amazon.com,151f32f9-e2b0-4ae8-8253-31f53e016d0a,5501602.0,8.841530833333333e-06,2026-06-22 14:21:10.293555+02:00,gmt,success,False
https://azure.com,6ab4fc86-17a1-41d4-a009-4530f1f953ec,15522444.0,1.0852014166666667e-05,2026-06-22 14:26:12.110883+02:00,gmt,success,False
https://github.com,2bbfae99-43b2-4020-8406-e4c91a5bcf04,5519495.0,9.247996666666667e-06,2026-06-22 14:31:31.307420+02:00,gmt,success,False
https://bing.com,432bb9f8-0462-416d-93d9-13827fc63d73,5217720.0,1.0830839722222222e-05,2026-06-22 14:40:49.337184+02:00,gmt,success,False
https://whatsapp.net,cfe78ca3-f1a5-49e5-8315-4c9b699f2ff6,1350544.0,7.015165833333333e-06,2026-06-22 14:50:38.884168+02:00,gmt,success,False
https://fastly.net,4a6edf54-3853-45cc-875b-38f60416b1bf,1625640.0,6.505455277777778e-06,2026-06-22 14:55:25.799798+02:00,gmt,success,False
https://netflix.com,1e83f77d-b369-41a4-bbc8-08e9ad2fcd3e,7785869.0,1.0449104444444444e-05,2026-06-22 15:25:22.300285+02:00,gmt,success,False
https://wordpress.org,c1cda624-813a-45ee-9e00-defda9ffaee3,3650212.0,7.4452183333333335e-06,2026-06-22 15:57:17.779065+02:00,gmt,success,False
https://digicert.com,8b3658c2-db3b-4bd3-8c8f-027eef6f71ee,3520135.0,9.883526666666667e-06,2026-06-22 16:07:21.604143+02:00,gmt,success,False
https://skype.com,64e64c23-f374-4d62-b2e6-ce959d42246f,2489206.0,6.158886111111111e-06,2026-06-22 16:11:38.229033+02:00,gmt,success,False
https://youtu.be,92a006ed-18fa-4865-8b1c-9edec718a522,4128795.0,1.655531861111111e-05,2026-06-22 16:16:10.124515+02:00,gmt,success,False
https://sharepoint.com,6aff5366-ec00-473c-aa15-c83ca397ca31,7854183.0,1.10534075e-05,2026-06-22 16:20:41.829201+02:00,gmt,success,False
https://gandi.net,af2d8dd7-7b6e-4ac0-9db9-a823f2b548f1,395137.0,5.6203780555555555e-06,2026-06-22 16:30:15.512813+02:00,gmt,success,False
https://pinterest.com,4741f8cb-5e39-4572-8aa3-9e9a2c95fb1c,3546310.0,8.439325555555555e-06,2026-06-22 16:35:02.409836+02:00,gmt,success,False
https://whatsapp.com,d6b2585d-42b9-453b-bc8c-6b0b590fb6e5,1351427.0,6.786185555555556e-06,2026-06-22 16:49:39.133035+02:00,gmt,success,False
https://x.com,6c156550-468e-4b3c-b42b-0f7fe02ab1c8,3298070.0,8.826293055555556e-06,2026-06-22 16:54:25.839824+02:00,gmt,success,False
https://yahoo.com,7484f5f6-e9dc-4d06-a08a-4e52ed35e684,276488.0,5.464925833333334e-06,2026-06-22 16:58:57.636205+02:00,gmt,success,False
https://cloud.microsoft,8300b725-0e38-40f1-81a7-642fc4e8e516,3506652.0,6.633685833333333e-06,2026-06-22 17:17:19.965669+02:00,gmt,success,False
https://tiktok.com,4ff65c81-6b12-4c63-871b-01f36baa87e2,9705462.0,1.794183e-05,2026-06-22 17:22:07.119883+02:00,gmt,success,False
https://msn.com,010875fc-ccfc-4153-b125-0049da4f5580,7339525.0,1.3029290277777777e-05,2026-06-22 17:26:23.709400+02:00,gmt,success,False
https://cloudflare.net,45252069-48d7-41fe-9654-cf8582856921,19039003.0,1.1943274722222223e-05,2026-06-22 17:30:55.411273+02:00,gmt,success,False
https://spotify.com,7adf235b-3090-4a14-a57d-4345a1aa93cf,9137472.0,1.5750347777777778e-05,2026-06-22 17:35:27.637608+02:00,gmt,success,False
https://googledomains.com,ca70e516-ac4c-4918-9346-e5c1025dc884,121206.0,4.805929166666667e-06,2026-06-22 17:40:29.554340+02:00,gmt,success,False
https://adobe.com,b7f1d0f5-3a62-4c0f-918b-4b26f11f07f3,9997210.0,1.2718586111111111e-05,2026-06-22 17:45:01.388807+02:00,gmt,success,False
https://ntp.org,8c531951-970f-43ea-8cf9-dc4d23f70e93,584877.0,5.4524227777777774e-06,2026-06-22 18:05:10.077843+02:00,gmt,success,False
https://roblox.com,1b1b298c-4394-4f65-8102-d3536c32daeb,4788536.0,9.824362777777778e-06,2026-06-22 18:09:11.873563+02:00,gmt,success,False
https://chatgpt.com,e0325fac-7bc3-41d9-bf1a-0dddf513878e,6167219.0,1.0515884166666667e-05,2026-06-22 18:13:28.466802+02:00,gmt,success,False
https://vimeo.com,fe81e130-d685-4102-9dae-9b64a0b6b81b,31951697.0,2.321366777777778e-05,2026-06-22 18:18:00.085067+02:00,gmt,success,False
https://myfritz.net,2cfaf6dc-37bb-4b92-8599-e8e6ffdc9584,2093187.0,6.204398333333333e-06,2026-06-22 18:27:48.478059+02:00,gmt,success,False
https://zoom.us,2e597678-4615-4aec-90e4-77f1f8b7cb10,2715440.0,9.226717777777778e-06,2026-06-22 18:41:38.322459+02:00,gmt,success,False
https://qq.com,da091f6b-0ca4-469a-8108-0560c9900e1a,8669842.0,1.5361467777777777e-05,2026-06-22 18:50:56.552020+02:00,gmt,success,False
https://workers.dev,54b69b5a-f533-4a9f-befd-3eefdec18f60,2369717.0,1.2940775833333333e-05,2026-06-22 18:55:13.061666+02:00,gmt,success,False
https://windows.com,ed1f6761-064c-467a-b426-fd0d8f793bd6,4742832.0,8.1213625e-06,2026-06-22 19:19:36.652373+02:00,gmt,success,False
https://cloudflare-dns.com,801d723f-ad4e-4708-b4bb-57638a7ab8f7,1114735.0,6.410935277777778e-06,2026-06-22 19:24:38.322414+02:00,gmt,success,False
https://nginx.org,bacaff3b-a304-489f-a990-1e60489f0b48,108339.0,4.629521944444444e-06,2026-06-22 19:34:26.791260+02:00,gmt,success,False
https://mozilla.org,f4c70433-f613-40ab-af89-993c0abfea81,492006.0,5.7256830555555555e-06,2026-06-22 19:43:14.934571+02:00,gmt,success,False
https://nic.ru,062a55e3-c075-41f1-84c5-cb6f71e9e08b,5087784.0,8.9780925e-06,2026-06-22 19:48:16.674687+02:00,gmt,success,False
https://opera.com,1f1a34bd-435f-464c-8601-53081c3793eb,636596.0,5.659645277777778e-06,2026-06-22 19:53:18.397149+02:00,gmt,success,False
https://samsung.com,8ae03a32-cccf-4224-89e1-353993bc2cb2,4727680.0,1.1056215555555556e-05,2026-06-22 20:02:36.576802+02:00,gmt,success,False
https://nginx.com,c083ffef-f29a-4e98-a1bc-3315bb5b8cfe,3321642.0,7.004218055555556e-06,2026-06-22 20:07:08.298198+02:00,gmt,success,False
https://sentry.io,4993d644-354a-4524-87dd-002e8d318406,3131791.0,1.3641790277777778e-05,2026-06-22 20:16:26.844187+02:00,gmt,success,False
https://wordpress.com,df851238-82e5-40eb-8e88-749e86398070,1262578.0,6.4445894444444445e-06,2026-06-22 20:20:58.569168+02:00,gmt,success,False
https://reddit.com,0dada4e2-b422-4cae-9e38-963c3b76953b,5206029.0,1.4774256388888889e-05,2026-06-22 20:26:15.287080+02:00,gmt,success,False
https://ui.com,d6bae8ad-fe19-4031-9ca0-377a7bcb5e4f,10690842.0,1.63545525e-05,2026-06-22 23:31:16.286256+02:00,gmt,success,False
https://discord.gg,b0f4f1ce-3f78-4d59-a2d2-373817170a25,8856052.0,1.6351956944444445e-05,2026-06-22 23:36:18.282021+02:00,gmt,success,False
https://bit.ly,c4223cb9-19b3-4f87-b826-a79abf3592a3,4782094.0,8.786048333333333e-06,2026-06-22 23:41:20.181520+02:00,gmt,success,False
https://google-analytics.com,a3097930-b68f-4aeb-804d-3b150c780af6,1793558.0,5.969489166666667e-06,2026-06-22 23:46:22.136363+02:00,gmt,success,False
https://t.me,a37ce388-e703-4d84-afa1-462826fd3235,2353536.0,8.426340833333333e-06,2026-06-22 23:51:54.171333+02:00,gmt,success,False
https://blogspot.com,0ad54c26-6b9c-40bd-aa2d-c5e83d84a518,1917019.0,6.6816163888888885e-06,2026-06-23 00:04:59.056587+02:00,gmt,success,False
https://criteo.com,e353aad3-369a-4d13-b3ec-fceadf215eb7,5901418.0,1.3300549444444445e-05,2026-06-23 00:15:18.052522+02:00,gmt,success,False
https://europa.eu,c2ae4958-0a26-42f6-9592-15ef251d6181,1886541.0,6.1709286111111114e-06,2026-06-23 00:20:50.146675+02:00,gmt,success,False
https://vk.com,624ee730-d7fd-4642-b72d-85d7898799e1,7079536.0,1.122634111111111e-05,2026-06-23 00:25:52.211631+02:00,gmt,success,False
https://b-cdn.net,4e3c66aa-7bc9-4604-be1b-383d8720f0f3,5318884.0,1.1296848888888889e-05,2026-06-23 00:35:56.445037+02:00,gmt,success,False
https://github.io,37655813-70bd-412a-878f-3f562fc60611,3586063.0,5.886664166666666e-06,2026-06-23 00:52:02.525409+02:00,gmt,success,False
https://snapchat.com,8ec61165-df09-4f15-8fb2-3556edfea4b8,14696817.0,1.2081019444444444e-05,2026-06-23 00:57:20.185161+02:00,gmt,success,False
https://unity3d.com,8bc42171-1a8a-4cce-8161-3cb12508263f,55299266.0,1.5754619166666667e-05,2026-06-23 01:08:09.257550+02:00,gmt,success,False
https://gov.uk,358a6d48-6a43-44dd-8361-e9f76245a073,259175.0,4.9558177777777775e-06,2026-06-23 11:53:47.534322+02:00,gmt,success,False
https://icloud.com,c9cb239f-65dc-42ff-9f09-bd9800e90058,4300374.0,8.795682777777777e-06,2026-06-23 11:54:27.281121+02:00,gmt,success,False
https://baidu.com,b61de9de-84ab-4567-8c28-de27f22f2781,2585704.0,8.177481388888888e-06,2026-06-23 11:54:27.482505+02:00,gmt,success,False
https://yandex.net,8663da8c-1d6d-4e56-9cc4-b59a51e901fd,806840.0,6.652776388888889e-06,2026-06-23 11:54:27.589313+02:00,gmt,success,False
https://taboola.com,c9b99696-da8e-4bd7-b3d0-4361e5ca0f73,7367382.0,1.4249314722222222e-05,2026-06-23 11:54:27.696889+02:00,gmt,success,False
https://googlesyndication.com,0d3c9601-5a6c-4a81-bd0b-053a208ef095,1330748.0,6.854110833333334e-06,2026-06-23 12:40:43.571966+02:00,gmt,success,False
https://oracle.com,f4336455-6c44-4d65-8470-507927c79ac1,1795146.0,7.013745555555556e-06,2026-06-23 12:51:32.807003+02:00,gmt,success,False
