i,host_ns
1,1782906646553656136
2,1782906654758511738
3,1782906662893017142
4,1782906671047636676
5,1782906679269732136
6,1782906687488314488
7,1782906695668963775
8,1782906703825911105
9,1782906712060937904
10,1782906720234220592
11,1782906728395202027
12,1782906736615949568
13,1782906744851122267
14,1782906752987045807
15,1782906761166394832
16,1782906769373520347
17,1782906777555331725
18,1782906785742140743
19,1782906793955880333
20,1782906802138190134
21,1782906810353156332
22,1782906818528453317
23,1782906826735318048
24,1782906834912055886
25,1782906843104552714
26,1782906851294473452
27,1782906859479605149
28,1782906867662567507
29,1782906875853887723
30,1782906884067060036
31,1782906892228477400
32,1782906900436150901
33,1782906908633905474
34,1782906916736263290
35,1782906924878083807
36,1782906933035439729
37,1782906941145451643
38,1782906949275478680
39,1782906957467825597
40,1782906965728212328
41,1782906973900544015
42,1782906982182159210
43,1782906990362657251
44,1782906998532847609
45,1782907006722817396
46,1782907014832057386
47,1782907023004220050
48,1782907031227505660
49,1782907039379780749
50,1782907047595696942
51,1782907055768204278
52,1782907063978921895
53,1782907072161196369
54,1782907080343472672
55,1782907088518145498
56,1782907096647532083
57,1782907104789781009
58,1782907112915453038
59,1782907121103283170
60,1782907129317845947
61,1782907137490113894
62,1782907145666052425
63,1782907153902177382
64,1782907162064433582
65,1782907170234867645
66,1782907178444311528
67,1782907186653242929
68,1782907194827182102
69,1782907203011896182
70,1782907211224445578
71,1782907219428794090
72,1782907227587324392
73,1782907235796658400
74,1782907243987894185
75,1782907252154257423
76,1782907260352083607
77,1782907268564683285
78,1782907276725637840
79,1782907284901708600
80,1782907293032028214
81,1782907301231014293
82,1782907309369280258
83,1782907317510169925
84,1782907325667308090
85,1782907333777230641
86,1782907341970709850
87,1782907350168416085
88,1782907358356578028
89,1782907366546061074
90,1782907374750617343
91,1782907382937772165
92,1782907391144825721
93,1782907399312017132
94,1782907407523189235
95,1782907415799462163
96,1782907423966069669
97,1782907432247011079
98,1782907440383230629
99,1782907448566710336
100,1782907456771970944
